Model,AvgtPRate,AvgtAdjPRate,MintAdjPRate,AvgABSGeCohD,MinABSGeCohD,AvgABSSurvCoef,MinABSSurvCoef,AvgSurvpVal,MaxSurvpVal,NegExpAvgSurvpVal,NegExpMinSurvpVal,AvgNegSigRate,MinNegSigRate,AvgPosSigRate,MinPosSigRate,IndCentRatio,GroupM,EpNum
M01_CFR_S1_Epo01.hdf5,0.039,0.0,0.0,0.061829500519376454,0.043647267476393796,0.19171843272835287,0.15571379330007812,0.296,0.465,0.7437874280201796,0.6281351051896408,0.0,0.0,0.0,0.0,0.7611940298507462,1,1
M01_CFR_S1_Epo02.hdf5,0.1125,0.0,0.0,0.08097940931361408,0.06642018553878179,0.12712339675597165,0.052488066993264,0.519,0.836,0.5951153658775501,0.4334408238165043,0.0,0.0,0.0,0.0,0.6109215017064846,1,2
M01_CFR_S1_Epo03.hdf5,0.1635,0.0025,0.0,0.0961610231863667,0.05082020720011311,0.13894422076874036,0.02587751844461116,0.64075,0.916,0.5268971029889422,0.40011630965630496,0.002,0.0,0.0005,0.0,0.38823529411764707,1,3
M01_CFR_S1_Epo04.hdf5,0.2735,0.008,0.0,0.12087637570968555,0.08776006197260171,0.2068036100859486,0.028477805434076263,0.44825,0.923,0.6387449778250159,0.397325275504954,0.008,0.0,0.0,0.0,0.24867724867724866,1,4
M01_CFR_S1_Epo05.hdf5,0.3,0.1115,0.0,0.14171374244377857,0.07072052594137664,0.27494460924667097,0.13447339999029845,0.29325,0.476,0.7458356584732964,0.6212634822474618,0.1115,0.0,0.0,0.0,0.17121588089330025,1,5
M01_CFR_S1_Epo06.hdf5,0.3145,0.11850000000000001,0.0,0.19914829765274147,0.12326619581938117,0.3817846290448067,0.08644524925996173,0.35450000000000004,0.65,0.7015241175914667,0.522045776761016,0.114,0.0,0.0045,0.0,0.05592841163310962,1,6
M01_CFR_S1_Epo07.hdf5,0.2915,0.1375,0.0,0.13630980848866633,0.061186158030681816,0.2054073652935056,0.012469651482817963,0.47775,0.934,0.6201772219085478,0.39297864775542996,0.13,0.0,0.0075,0.0,0.1568627450980392,1,7
M01_CFR_S1_Epo08.hdf5,0.40900000000000003,0.30400000000000005,0.0,0.24547311319916065,0.09487785023723828,0.37075407093921964,0.01939647087018708,0.39150000000000007,0.906,0.6760420504946995,0.4041375454214515,0.09,0.0,0.21400000000000002,0.0,0.04656319290465632,1,8
M01_CFR_S1_Epo09.hdf5,0.457,0.3155,0.096,0.3182560065712545,0.14030625444827563,0.2964902960816865,0.11751753839382836,0.4655,0.532,0.6278211161408496,0.5874289361645234,0.0815,0.0,0.23399999999999999,0.0,0.019438444924406047,1,9
M01_CFR_S1_Epo10.hdf5,0.4175,0.2535,0.002,0.4016825433353623,0.12242602001038824,0.3266277991632185,0.09355554977118781,0.53775,0.601,0.5840609121302787,0.5482630987723047,0.163,0.002,0.0905,0.0,0.008547008547008548,1,10
M01_CFR_S1_Epo11.hdf5,0.305,0.21,0.0,,,4.1020491000382,1e-07,0.6805,1.0,0.5063637471859777,0.36787944117144233,0.1295,0.0,0.0805,0.0,0.0,1,11
M01_CFR_S1_Epo12.hdf5,0.292,0.189,0.0,,,3.847293160512791,1e-07,0.72525,1.0,0.48420350294700526,0.36787944117144233,0.1075,0.0,0.0815,0.0,0.0,1,12
M01_CFR_S1_Epo13.hdf5,0.231,0.1105,0.0,,,3.5885453802151424,1e-07,0.70275,1.0,0.49522157019910873,0.36787944117144233,0.085,0.0,0.0255,0.0,0.0,1,13
M01_CFR_S1_Epo14.hdf5,0.238,0.14650000000000002,0.0,,,3.238786090312997,1e-07,0.54875,1.0,0.5776714485733696,0.36787944117144233,0.114,0.0,0.0325,0.0,0.0,1,14
M01_CFR_S1_Epo15.hdf5,0.22999999999999998,0.182,0.0,,,2.345787138350658,1e-07,0.71475,1.0,0.48931442511280815,0.36787944117144233,0.103,0.0,0.079,0.0,0.0,1,15
M01_CFR_S1_Epo16.hdf5,0.21300000000000002,0.166,0.0,,,2.4092432388269884,1e-07,0.6565,1.0,0.5186634835734114,0.36787944117144233,0.065,0.0,0.101,0.0,0.0,1,16
M01_CFR_S1_Epo17.hdf5,0.20450000000000002,0.1565,0.0,,,2.6874316233465816,1e-07,0.5525,1.0,0.575509237321158,0.36787944117144233,0.0225,0.0,0.134,0.0,0.0,1,17
M01_CFR_S1_Epo18.hdf5,0.2045,0.1785,0.0,,,0.4677401882832566,1e-07,0.59625,1.0,0.5508735433892605,0.36787944117144233,0.02,0.0,0.1585,0.0,0.0,1,18
M01_CFR_S1_Epo19.hdf5,0.2405,0.2005,0.0,,,0.38256236681536737,1e-07,0.6335,1.0,0.5307309880256698,0.36787944117144233,0.0195,0.0,0.181,0.0,0.0,1,19
M01_CFR_S1_Epo20.hdf5,0.26449999999999996,0.2,0.0,,,0.06984659327577497,1e-07,0.7979999999999999,1.0,0.45022852130278923,0.36787944117144233,0.018,0.0,0.182,0.0,0.0,1,20
M01_CFR_S1_Epo21.hdf5,0.305,0.245,0.0,,,0.22801168045812983,1e-07,0.6805,1.0,0.5063637471859777,0.36787944117144233,0.0175,0.0,0.2275,0.0,0.0,1,21
M01_CFR_S1_Epo22.hdf5,0.345,0.328,0.0,,,3.791206852493067,1e-07,0.51725,1.0,0.5961577295700469,0.36787944117144233,0.0235,0.0,0.3045,0.0,0.0,1,22
M01_CFR_S1_Epo23.hdf5,0.3125,0.263,0.0,,,0.3706049093577258,1e-07,0.51875,1.0,0.5952641633179244,0.36787944117144233,0.021,0.0,0.242,0.0,0.0,1,23
M01_CFR_S1_Epo24.hdf5,0.34199999999999997,0.3005,0.0,,,0.17530160915478443,0.0,0.645,1.0,0.5246625421065929,0.36787944117144233,0.023,0.0,0.27749999999999997,0.0,0.0,1,24
M01_CFR_S1_Epo25.hdf5,0.349,0.312,0.0,,,0.279130289171481,0.0,0.55375,1.0,0.5747903002038165,0.36787944117144233,0.02,0.0,0.292,0.0,0.0,1,25
M01_CFR_S1_Epo26.hdf5,0.319,0.27699999999999997,0.0,,,0.23021311912658926,0.0,0.59175,1.0,0.5533580603049516,0.36787944117144233,0.0245,0.0,0.2525,0.0,0.0,1,26
M01_CFR_S1_Epo27.hdf5,0.295,0.215,0.0,,,0.39205829097076206,1e-07,0.534,1.0,0.5862552523672196,0.36787944117144233,0.0235,0.0,0.1915,0.0,0.0,1,27
M01_CFR_S1_Epo28.hdf5,0.32999999999999996,0.22199999999999998,0.0,,,3.451286196788979,1e-07,0.6529999999999999,1.0,0.5204819862892833,0.36787944117144233,0.032,0.0,0.19,0.0,0.0,1,28
M01_CFR_S1_Epo29.hdf5,0.2955,0.20900000000000002,0.0,,,3.6695983059439006,1e-07,0.5217499999999999,1.0,0.5934810468400248,0.36787944117144233,0.028,0.0,0.181,0.0,0.0,1,29
M01_CFR_S1_Epo30.hdf5,0.2095,0.2085,0.0,,,0.41672885328927894,1e-07,0.553,1.0,0.5752215546291638,0.36787944117144233,0.0285,0.0,0.18,0.0,0.0,1,30
M01_CFR_S1_Epo31.hdf5,0.3665,0.287,0.0,,,4.025376627859471,1e-07,0.6054999999999999,1.0,0.5458014576743178,0.36787944117144233,0.0745,0.0,0.2125,0.0,0.0,1,31
M01_CFR_S1_Epo32.hdf5,0.2895,0.22,0.0,,,3.990849454836513,1e-07,0.5840000000000001,1.0,0.5576632463197911,0.36787944117144233,0.0385,0.0,0.1815,0.0,0.0,1,32
M01_CFR_S1_Epo33.hdf5,0.31,0.21,0.0,,,4.062496174511118,1e-07,0.548,1.0,0.5781048646705196,0.36787944117144233,0.0315,0.0,0.1785,0.0,0.0,1,33
M01_CFR_S1_Epo34.hdf5,0.317,0.2205,0.0,,,3.718777260458085,1e-07,0.50825,1.0,0.6015473661206574,0.36787944117144233,0.034,0.0,0.1865,0.0,0.0,1,34
M01_CFR_S1_Epo35.hdf5,0.361,0.2755,0.0,,,3.5484346060952,1e-07,0.765,1.0,0.4653339309743134,0.36787944117144233,0.0965,0.0,0.179,0.0,0.0,1,35
M01_CFR_S1_Epo36.hdf5,0.364,0.2775,0.0,,,4.279524570340573,1e-07,0.50125,1.0,0.6057729700426938,0.36787944117144233,0.097,0.0,0.1805,0.0,0.0,1,36
M01_CFR_S1_Epo37.hdf5,0.41500000000000004,0.325,0.0,,,4.1168770947209925,1e-07,0.6025,1.0,0.54744132061185,0.36787944117144233,0.1295,0.0,0.1955,0.0,0.0,1,37
M01_CFR_S1_Epo38.hdf5,0.4145,0.3415,0.0,,,3.982163875957988,1e-07,0.55975,1.0,0.571351883966548,0.36787944117144233,0.11299999999999999,0.0,0.22849999999999998,0.0,0.0,1,38
M01_CFR_S1_Epo39.hdf5,0.381,0.29000000000000004,0.0,,,3.8610217811648995,1e-07,0.5105,1.0,0.6001954060722984,0.36787944117144233,0.096,0.0,0.194,0.0,0.0,1,39
M01_CFR_S1_Epo40.hdf5,0.4105,0.32999999999999996,0.0,,,4.47495633666581,1e-07,0.5095000000000001,1.0,0.6007959016761313,0.36787944117144233,0.11350000000000002,0.0,0.2165,0.0,0.0,1,40
M01_CFR_S1_Epo41.hdf5,0.37449999999999994,0.272,0.0,,,4.413817772976146,1e-07,0.55525,1.0,0.5739287610694002,0.36787944117144233,0.0905,0.0,0.1815,0.0,0.0,1,41
M01_CFR_S1_Epo42.hdf5,0.4265,0.362,0.0,,,4.4241680287235905,1e-07,0.518,1.0,0.5957107789003212,0.36787944117144233,0.113,0.0,0.249,0.0,0.0,1,42
M01_CFR_S1_Epo43.hdf5,0.391,0.314,0.0,,,4.17268409879906,1e-07,0.5265,1.0,0.5906686964874246,0.36787944117144233,0.125,0.0,0.189,0.0,0.0,1,43
M01_CFR_S1_Epo44.hdf5,0.42050000000000004,0.34700000000000003,0.0,,,4.061471289213727,1e-07,0.5237499999999999,1.0,0.5922952709175259,0.36787944117144233,0.14,0.0,0.207,0.0,0.0,1,44
M01_CFR_S1_Epo45.hdf5,0.38749999999999996,0.321,0.0,,,3.9230599660580534,1e-07,0.56825,1.0,0.5665159746834542,0.36787944117144233,0.137,0.0,0.184,0.0,0.0,1,45
M01_CFR_S1_Epo46.hdf5,0.4365,0.365,0.0,,,3.9406134951754876,1e-07,0.5295000000000001,1.0,0.5888993457510797,0.36787944117144233,0.1435,0.0,0.2215,0.0,0.0,1,46
M01_CFR_S1_Epo47.hdf5,0.38949999999999996,0.2865,0.0,,,4.406218273276667,1e-07,0.63025,1.0,0.5324586696987524,0.36787944117144233,0.0605,0.0,0.226,0.0,0.0,1,47
M01_CFR_S1_Epo48.hdf5,0.4375,0.382,0.0,,,4.436436116571911,1e-07,0.60425,1.0,0.5464841360815248,0.36787944117144233,0.1335,0.0,0.2485,0.0,0.0,1,48
M01_CFR_S1_Epo49.hdf5,0.4055,0.3245,0.0,,,4.11851233273564,1e-07,0.677,1.0,0.5081391254006393,0.36787944117144233,0.0885,0.0,0.236,0.0,0.0,1,49
M01_CFR_S1_Epo50.hdf5,0.4475,0.399,0.0,,,0.45248308264205617,1e-07,0.55125,1.0,0.5762290736718,0.36787944117144233,0.042499999999999996,0.0,0.3565,0.0,0.0,1,50
M01_CFR_S1_Epo51.hdf5,0.4685,0.4295,0.0,,,4.376871247338563,1e-07,0.5505,1.0,0.5766614075820045,0.36787944117144233,0.1595,0.0,0.27,0.0,0.0,1,51
M01_CFR_S1_Epo52.hdf5,0.402,0.3065,0.0,,,3.89817164700384,1e-07,0.7262500000000001,1.0,0.48371954146512924,0.36787944117144233,0.07899999999999999,0.0,0.22749999999999998,0.0,0.0,1,52
M01_CFR_S1_Epo53.hdf5,0.41900000000000004,0.365,0.0,,,0.5528433346701678,1e-07,0.5369999999999999,1.0,0.5844991221225825,0.36787944117144233,0.133,0.0,0.23199999999999998,0.0,0.0,1,53
M01_CFR_S1_Epo54.hdf5,0.43199999999999994,0.37,0.0,,,4.194415237179337,1e-07,0.6352500000000001,1.0,0.5298030210045931,0.36787944117144233,0.101,0.0,0.269,0.0,0.0,1,54
M01_CFR_S1_Epo55.hdf5,0.398,0.306,0.0,,,3.9933281001293253,1e-07,0.634,1.0,0.5304656888619749,0.36787944117144233,0.063,0.0,0.243,0.0,0.0,1,55
M01_CFR_S1_Epo56.hdf5,0.402,0.32,0.0,,,0.7926120611040857,1e-07,0.2945,1.0,0.7449039463416037,0.36787944117144233,0.0455,0.0,0.27449999999999997,0.0,0.0,1,56
M01_CFR_S1_Epo57.hdf5,0.4215,0.347,0.0,,,0.4633322947668039,1e-07,0.58975,1.0,0.554465883879862,0.36787944117144233,0.037,0.0,0.31,0.0,0.0,1,57
M01_CFR_S1_Epo58.hdf5,0.39,0.2935,0.0,,,0.897135461394781,1e-07,0.42300000000000004,1.0,0.6550786331118063,0.36787944117144233,0.198,0.0,0.0955,0.0,0.0,1,58
M01_CFR_S1_Epo59.hdf5,0.3535,0.2635,0.0,,,0.6096346723370518,1e-07,0.50225,1.0,0.6051674998581993,0.36787944117144233,0.032,0.0,0.23149999999999998,0.0,0.0,1,59
M01_CFR_S1_Epo60.hdf5,0.375,0.286,0.0,,,0.40609817023225825,1e-07,0.69075,1.0,0.5012000280472649,0.36787944117144233,0.038,0.0,0.248,0.0,0.0,1,60
M01_CFR_S1_Epo61.hdf5,0.4535,0.39649999999999996,0.0,,,1.0270760790147866,1e-07,0.46224999999999994,1.0,0.6298648540434844,0.36787944117144233,0.046,0.0,0.3505,0.0,0.0,1,61
M01_CFR_S1_Epo62.hdf5,0.40349999999999997,0.2955,0.0,,,3.9290604399172615,1e-07,0.67625,1.0,0.5085203726945541,0.36787944117144233,0.0565,0.0,0.239,0.0,0.0,1,62
M01_CFR_S1_Epo63.hdf5,0.41000000000000003,0.3325,0.0,,,0.5793077503106129,1e-07,0.5735,1.0,0.5635495594697838,0.36787944117144233,0.04,0.0,0.2925,0.0,0.0,1,63
M01_CFR_S1_Epo64.hdf5,0.39649999999999996,0.284,0.0,,,0.3222315155101382,1e-07,0.7505000000000001,1.0,0.47213042850062353,0.36787944117144233,0.23199999999999998,0.0,0.052,0.0,0.0,1,64
M01_CFR_S1_Epo65.hdf5,0.40349999999999997,0.3345,0.0,,,0.8312276625646758,1e-07,0.37525,1.0,0.6871174779472747,0.36787944117144233,0.0355,0.0,0.299,0.0,0.0,1,65
M01_CFR_S1_Epo66.hdf5,0.383,0.28099999999999997,0.0,,,0.7055296086250612,1e-07,0.431,1.0,0.6498589107747496,0.36787944117144233,0.0465,0.0,0.2345,0.0,0.0,1,66
M01_CFR_S1_Epo67.hdf5,0.4115,0.3375,0.0,,,4.529633452491521,1e-07,0.5862499999999999,1.0,0.5564099145425704,0.36787944117144233,0.12,0.0,0.2175,0.0,0.0,1,67
M01_CFR_S1_Epo68.hdf5,0.378,0.28200000000000003,0.0,,,4.151123547342223,1e-07,0.6214999999999999,1.0,0.5371381258232945,0.36787944117144233,0.041999999999999996,0.0,0.24,0.0,0.0,1,68
M01_CFR_S1_Epo69.hdf5,0.361,0.272,0.0,,,0.8396324626710427,1e-07,0.53375,1.0,0.5864018345023149,0.36787944117144233,0.2,0.0,0.07200000000000001,0.0,0.0021231422505307855,1,69
M01_CFR_S1_Epo70.hdf5,0.4,0.312,0.0,,,0.6120836632512457,1e-07,0.5765,1.0,0.5618614442303198,0.36787944117144233,0.0445,0.0,0.26749999999999996,0.0,0.0,1,70
M01_CFR_S1_Epo71.hdf5,0.42,0.348,0.0,,,0.5387250143317868,1e-07,0.54875,1.0,0.5776714485733696,0.36787944117144233,0.0335,0.0,0.3145,0.0,0.0,1,71
M01_CFR_S1_Epo72.hdf5,0.398,0.305,0.0,,,0.7810042968104245,1e-07,0.45825,1.0,0.632389359103773,0.36787944117144233,0.197,0.0,0.108,0.0,0.0,1,72
M01_CFR_S1_Epo73.hdf5,0.392,0.289,0.0,,,0.5895725527462724,1e-07,0.548,1.0,0.5781048646705196,0.36787944117144233,0.1865,0.0,0.10250000000000001,0.0,0.0021231422505307855,1,73
M01_CFR_S1_Epo74.hdf5,0.3545,0.279,0.0,,,0.3866036344825081,1e-07,0.5435,1.0,0.5807121986631457,0.36787944117144233,0.246,0.0,0.033,0.0,0.0021231422505307855,1,74
M01_CFR_S1_Epo75.hdf5,0.40049999999999997,0.3245,0.0,,,0.8096987247477504,1e-07,0.47425,1.0,0.6223516452062755,0.36787944117144233,0.0475,0.0,0.277,0.0,0.0,1,75
M01_CFR_S1_Epo76.hdf5,0.3375,0.26,0.0,,,0.47434877585312274,1e-07,0.66525,1.0,0.5141449753944138,0.36787944117144233,0.1895,0.0,0.07050000000000001,0.0,0.0,1,76
M01_CFR_S1_Epo77.hdf5,0.395,0.308,0.0,,,0.7820665271388646,1e-07,0.43724999999999997,1.0,0.645809958737697,0.36787944117144233,0.183,0.0,0.125,0.0,0.0,1,77
M01_CFR_S1_Epo78.hdf5,0.3355,0.22649999999999998,0.0,,,0.4641441245840762,1e-07,0.71025,1.0,0.4915213017742008,0.36787944117144233,0.188,0.0,0.0385,0.0,0.0021231422505307855,1,78
M01_CFR_S1_Epo79.hdf5,0.389,0.30100000000000005,0.0,,,0.7253391753313922,1e-07,0.4945,1.0,0.6098757689590218,0.36787944117144233,0.20049999999999998,0.0,0.1005,0.0,0.0,1,79
M01_CFR_S1_Epo80.hdf5,0.39049999999999996,0.2905,0.0,,,0.8070821381851246,1e-07,0.43674999999999997,1.0,0.6461329444567667,0.36787944117144233,0.185,0.0,0.10550000000000001,0.0,0.0021231422505307855,1,80
M01_CFR_S1_Epo81.hdf5,0.3715,0.27049999999999996,0.0,,,0.41360134053034053,1e-07,0.6000000000000001,1.0,0.5488116360940264,0.36787944117144233,0.04,0.0,0.23049999999999998,0.0,0.0021231422505307855,1,81
M01_CFR_S1_Epo82.hdf5,0.3535,0.256,0.0,,,0.49445161719261715,1e-07,0.7285,1.0,0.48263239599412705,0.36787944117144233,0.0635,0.0,0.1925,0.0,0.0021231422505307855,1,82
M01_CFR_S1_Epo83.hdf5,0.3115,0.2065,0.0,,,0.6839885452244073,1e-07,0.5467500000000001,1.0,0.5788279475840272,0.36787944117144233,0.1825,0.0,0.024,0.0,0.0021231422505307855,1,83
M01_CFR_S1_Epo84.hdf5,0.347,0.2555,0.0,,,0.9569415549567026,1e-07,0.4235,1.0,0.6547511756664338,0.36787944117144233,0.034,0.0,0.2215,0.0,0.0,1,84
M01_CFR_S1_Epo85.hdf5,0.34550000000000003,0.288,0.0,,,0.6042640463950784,1e-07,0.5445,1.0,0.5801317767238208,0.36787944117144233,0.1855,0.0,0.1025,0.0,0.0021231422505307855,1,85
M01_CFR_S1_Epo86.hdf5,0.39049999999999996,0.3175,0.0,,,0.24474970048150135,1e-07,0.6465000000000001,1.0,0.5238761382437808,0.36787944117144233,0.08199999999999999,0.0,0.2355,0.0,0.0021231422505307855,1,86
M01_CFR_S1_Epo87.hdf5,0.4095,0.33099999999999996,0.0,,,0.37302541522010463,1e-07,0.7144999999999999,1.0,0.4894367690114365,0.36787944117144233,0.078,0.0,0.253,0.0,0.0021231422505307855,1,87
M01_CFR_S1_Epo88.hdf5,0.375,0.317,0.0,,,0.7077464257404041,1e-07,0.51725,1.0,0.5961577295700469,0.36787944117144233,0.046,0.0,0.271,0.0,0.0021231422505307855,1,88
M01_CFR_S1_Epo89.hdf5,0.363,0.22649999999999998,0.0,,,0.1549368243696951,1e-07,0.80975,1.0,0.44496929464247004,0.36787944117144233,0.19,0.0,0.0365,0.0,0.0021231422505307855,1,89
M01_CFR_S1_Epo90.hdf5,0.378,0.27649999999999997,0.0,,,0.2724398066739151,1e-07,0.7575,1.0,0.4688370557536613,0.36787944117144233,0.046,0.0,0.23049999999999998,0.0,0.0021231422505307855,1,90
M01_CFR_S1_Epo91.hdf5,0.393,0.3005,0.0,,,0.5775258615822018,1e-07,0.49675,1.0,0.6085050910697442,0.36787944117144233,0.054000000000000006,0.0,0.2465,0.0,0.0021231422505307855,1,91
M01_CFR_S1_Epo92.hdf5,0.387,0.2915,0.0,,,0.5802931718709882,1e-07,0.57975,1.0,0.5600383586553255,0.36787944117144233,0.042499999999999996,0.0,0.249,0.0,0.0021231422505307855,1,92
M01_CFR_S1_Epo93.hdf5,0.38649999999999995,0.2875,0.0,,,0.18181867931002194,1e-07,0.77575,1.0,0.46035838270376783,0.36787944117144233,0.22699999999999998,0.0,0.0605,0.0,0.0021231422505307855,1,93
M01_CFR_S1_Epo94.hdf5,0.355,0.2645,0.0,,,0.6455935045094804,1e-07,0.52,1.0,0.5945205479701944,0.36787944117144233,0.2025,0.0,0.062,0.0,0.0021231422505307855,1,94
M01_CFR_S1_Epo95.hdf5,0.34950000000000003,0.2815,0.0,,,0.7445974604064215,1e-07,0.481,1.0,0.6181649177029258,0.36787944117144233,0.1925,0.0,0.08900000000000001,0.0,0.0021231422505307855,1,95
M01_CFR_S1_Epo96.hdf5,0.42600000000000005,0.34450000000000003,0.0,,,0.7318725709410768,1e-07,0.4525,1.0,0.63603607217124,0.36787944117144233,0.2085,0.0,0.136,0.0,0.0021231422505307855,1,96
M01_CFR_S1_Epo97.hdf5,0.4,0.3165,0.0,,,0.5589158493249549,1e-07,0.54575,1.0,0.5794070650420806,0.36787944117144233,0.1955,0.0,0.121,0.0,0.0021231422505307855,1,97
M01_CFR_S1_Epo98.hdf5,0.40549999999999997,0.3355,0.0,,,0.08040715531428587,1e-07,0.8560000000000001,1.0,0.42485812046192456,0.36787944117144233,0.252,0.0,0.08349999999999999,0.0,0.0021231422505307855,1,98
M01_CFR_S1_Epo99.hdf5,0.3725,0.3025,0.0,,,0.72356509308637,1e-07,0.4425,1.0,0.642428340968119,0.36787944117144233,0.048,0.0,0.2545,0.0,0.0021231422505307855,1,99
M01_CFR_S1_Epo100.hdf5,0.34299999999999997,0.27749999999999997,0.0,,,0.6796709938635846,1e-07,0.50425,1.0,0.6039583743869958,0.36787944117144233,0.19749999999999998,0.0,0.08,0.0,0.0021231422505307855,1,100
M01_CFR_S2_Epo01.hdf5,0.039,0.0,0.0,0.061829500519376454,0.043647267476393796,0.19171843272835287,0.15571379330007812,0.296,0.465,0.7437874280201796,0.6281351051896408,0.0,0.0,0.0,0.0,0.7611940298507462,2,1
M01_CFR_S2_Epo02.hdf5,0.1125,0.0,0.0,0.08097940931361408,0.06642018553878179,0.12712339675597165,0.052488066993264,0.519,0.836,0.5951153658775501,0.4334408238165043,0.0,0.0,0.0,0.0,0.6109215017064846,2,2
M01_CFR_S2_Epo03.hdf5,0.163,0.0025,0.0,0.09626503228512252,0.051353408216722254,0.13894422076874036,0.02587751844461116,0.64075,0.916,0.5268971029889422,0.40011630965630496,0.002,0.0,0.0005,0.0,0.38823529411764707,2,3
M01_CFR_S2_Epo04.hdf5,0.2735,0.008,0.0,0.12087637570968555,0.08776006197260171,0.2068036100859486,0.028477805434076263,0.44825,0.923,0.6387449778250159,0.397325275504954,0.008,0.0,0.0,0.0,0.24867724867724866,2,4
M01_CFR_S2_Epo05.hdf5,0.29800000000000004,0.111,0.0,0.14102847749272196,0.06880925623866731,0.2751016463510496,0.13447339999029845,0.29325,0.476,0.7458356584732964,0.6212634822474618,0.111,0.0,0.0,0.0,0.17121588089330025,2,5
M01_CFR_S2_Epo06.hdf5,0.3135,0.11850000000000001,0.0,0.19895514160127736,0.12267623463154338,0.3817846290448067,0.08644524925996173,0.35450000000000004,0.65,0.7015241175914667,0.522045776761016,0.114,0.0,0.0045,0.0,0.05592841163310962,2,6
M01_CFR_S2_Epo07.hdf5,0.2965,0.139,0.0,0.13649477476444222,0.06186029412150191,0.19943451227365347,0.012469651482817963,0.47875,0.934,0.6195573546719132,0.39297864775542996,0.1315,0.0,0.0075,0.0,0.1568627450980392,2,7
M01_CFR_S2_Epo08.hdf5,0.4125,0.30500000000000005,0.0,0.2453144003984223,0.09501515743290255,0.37003740341746283,0.01939647087018708,0.393,0.906,0.6750287475861332,0.4041375454214515,0.0915,0.0,0.21350000000000002,0.0,0.04656319290465632,2,8
M01_CFR_S2_Epo09.hdf5,0.4595,0.321,0.11,0.31928991755396846,0.1399531856322611,0.28434327357193784,0.10191206269504748,0.5035000000000001,0.596,0.6044115130735527,0.5510112789913407,0.0835,0.0,0.2375,0.0,0.019438444924406047,2,9
M01_CFR_S2_Epo10.hdf5,0.415,0.2355,0.002,0.4334554180587099,0.12262374855656995,0.5633726766297447,0.09355554977118781,0.42425,0.574,0.6542602963874236,0.5632678551220047,0.1455,0.002,0.09,0.0,0.006396588486140725,2,10
M01_CFR_S2_Epo11.hdf5,0.305,0.209,0.0,,,4.1020491000382,1e-07,0.6805,1.0,0.5063637471859777,0.36787944117144233,0.1285,0.0,0.0805,0.0,0.0,2,11
M01_CFR_S2_Epo12.hdf5,0.2875,0.182,0.0,,,3.8299691009835595,1e-07,0.748,1.0,0.4733122312097393,0.36787944117144233,0.1015,0.0,0.0805,0.0,0.0,2,12
M01_CFR_S2_Epo13.hdf5,0.2305,0.1165,0.0,,,3.5985969503594775,1e-07,0.6689999999999999,1.0,0.512220542303924,0.36787944117144233,0.09050000000000001,0.0,0.026,0.0,0.0,2,13
M01_CFR_S2_Epo14.hdf5,0.2395,0.155,0.0,,,3.2389289728114834,1e-07,0.54875,1.0,0.5776714485733696,0.36787944117144233,0.11699999999999999,0.0,0.038,0.0,0.0,2,14
M01_CFR_S2_Epo15.hdf5,0.22649999999999998,0.178,0.0,,,2.347394829055211,1e-07,0.712,1.0,0.4906618916992401,0.36787944117144233,0.09899999999999999,0.0,0.079,0.0,0.0,2,15
M01_CFR_S2_Epo16.hdf5,0.21150000000000002,0.1645,0.0,,,2.4092432388269884,1e-07,0.6565,1.0,0.5186634835734114,0.36787944117144233,0.065,0.0,0.0995,0.0,0.0,2,16
M01_CFR_S2_Epo17.hdf5,0.192,0.152,0.0,,,2.667645269875689,1e-07,0.58775,1.0,0.5555759253190471,0.36787944117144233,0.022,0.0,0.13,0.0,0.0,2,17
M01_CFR_S2_Epo18.hdf5,0.20149999999999998,0.1755,0.0,,,0.4693733077513349,1e-07,0.59275,1.0,0.5528049788314735,0.36787944117144233,0.0185,0.0,0.157,0.0,0.0,2,18
M01_CFR_S2_Epo19.hdf5,0.2405,0.2005,0.0,,,0.3916566393947588,1e-07,0.60775,1.0,0.5445747849189029,0.36787944117144233,0.0205,0.0,0.18,0.0,0.0,2,19
M01_CFR_S2_Epo20.hdf5,0.26449999999999996,0.2,0.0,,,0.06984659327577497,1e-07,0.7979999999999999,1.0,0.45022852130278923,0.36787944117144233,0.018,0.0,0.182,0.0,0.0,2,20
M01_CFR_S2_Epo21.hdf5,0.307,0.2475,0.0,,,0.23308677292751384,1e-07,0.66175,1.0,0.51594763562348,0.36787944117144233,0.0175,0.0,0.23,0.0,0.0,2,21
M01_CFR_S2_Epo22.hdf5,0.34550000000000003,0.329,0.0,,,3.7886256028116136,1e-07,0.51875,1.0,0.5952641633179244,0.36787944117144233,0.0235,0.0,0.3055,0.0,0.0,2,22
M01_CFR_S2_Epo23.hdf5,0.3135,0.264,0.0,,,0.3618488333219192,1e-07,0.52325,1.0,0.5925914926022344,0.36787944117144233,0.0205,0.0,0.2435,0.0,0.0,2,23
M01_CFR_S2_Epo24.hdf5,0.34199999999999997,0.3015,0.0,,,0.16996731393823175,0.0,0.65725,1.0,0.5182746317983744,0.36787944117144233,0.023,0.0,0.27849999999999997,0.0,0.0,2,24
M01_CFR_S2_Epo25.hdf5,0.349,0.314,0.0,,,0.27424151435982036,0.0,0.55575,1.0,0.5736418684180052,0.36787944117144233,0.021,0.0,0.293,0.0,0.0,2,25
M01_CFR_S2_Epo26.hdf5,0.3195,0.27699999999999997,0.0,,,0.2217467651148358,0.0,0.6085,1.0,0.5441665069535887,0.36787944117144233,0.0245,0.0,0.2525,0.0,0.0,2,26
M01_CFR_S2_Epo27.hdf5,0.295,0.215,0.0,,,0.39716297568135006,1e-07,0.527,1.0,0.5903734359604639,0.36787944117144233,0.023,0.0,0.192,0.0,0.0,2,27
M01_CFR_S2_Epo28.hdf5,0.3295,0.22049999999999997,0.0,,,3.451542505488064,1e-07,0.6519999999999999,1.0,0.5210027286033344,0.36787944117144233,0.0305,0.0,0.19,0.0,0.0,2,28
M01_CFR_S2_Epo29.hdf5,0.294,0.21,0.0,,,3.6751398076185726,1e-07,0.5179999999999999,1.0,0.5957107789003213,0.36787944117144233,0.028999999999999998,0.0,0.181,0.0,0.0,2,29
M01_CFR_S2_Epo30.hdf5,0.2105,0.207,0.0,,,0.4173761187532569,1e-07,0.55275,1.0,0.5753653779949928,0.36787944117144233,0.027,0.0,0.18,0.0,0.0,2,30
M01_CFR_S2_Epo31.hdf5,0.3675,0.2885,0.0,,,4.025534519474082,1e-07,0.6054999999999999,1.0,0.5458014576743178,0.36787944117144233,0.075,0.0,0.2135,0.0,0.0,2,31
M01_CFR_S2_Epo32.hdf5,0.29,0.219,0.0,,,3.9966402166718322,1e-07,0.5805,1.0,0.5596184873577521,0.36787944117144233,0.0395,0.0,0.1795,0.0,0.0,2,32
M01_CFR_S2_Epo33.hdf5,0.311,0.2105,0.0,,,4.06797735632694,1e-07,0.54725,1.0,0.5785386059516713,0.36787944117144233,0.0325,0.0,0.178,0.0,0.0,2,33
M01_CFR_S2_Epo34.hdf5,0.317,0.22,0.0,,,3.726622438348316,1e-07,0.50675,1.0,0.6024503642491226,0.36787944117144233,0.033,0.0,0.187,0.0,0.0,2,34
M01_CFR_S2_Epo35.hdf5,0.32999999999999996,0.2185,0.0,,,3.547695778000797,1e-07,0.76525,1.0,0.4652176120320434,0.36787944117144233,0.041,0.0,0.1775,0.0,0.0,2,35
M01_CFR_S2_Epo36.hdf5,0.365,0.279,0.0,,,4.276110622844751,1e-07,0.502,1.0,0.6053188106462243,0.36787944117144233,0.0965,0.0,0.1825,0.0,0.0,2,36
M01_CFR_S2_Epo37.hdf5,0.4085,0.314,0.0,,,4.116918826636195,1e-07,0.6025,1.0,0.54744132061185,0.36787944117144233,0.11750000000000001,0.0,0.1965,0.0,0.0,2,37
M01_CFR_S2_Epo38.hdf5,0.41400000000000003,0.34199999999999997,0.0,,,3.9839662346968217,1e-07,0.5572499999999999,1.0,0.5727820506399277,0.36787944117144233,0.11349999999999999,0.0,0.22849999999999998,0.0,0.0,2,38
M01_CFR_S2_Epo39.hdf5,0.3785,0.29000000000000004,0.0,,,3.8610621432343057,1e-07,0.5105,1.0,0.6001954060722984,0.36787944117144233,0.096,0.0,0.194,0.0,0.0,2,39
M01_CFR_S2_Epo40.hdf5,0.41000000000000003,0.32999999999999996,0.0,,,4.47495633666581,1e-07,0.5095000000000001,1.0,0.6007959016761313,0.36787944117144233,0.11350000000000002,0.0,0.2165,0.0,0.0,2,40
M01_CFR_S2_Epo41.hdf5,0.37449999999999994,0.272,0.0,,,4.413817772976146,1e-07,0.55525,1.0,0.5739287610694002,0.36787944117144233,0.0905,0.0,0.1815,0.0,0.0,2,41
M01_CFR_S2_Epo42.hdf5,0.41800000000000004,0.3495,0.0,,,4.419168030380091,1e-07,0.518,1.0,0.5957107789003212,0.36787944117144233,0.099,0.0,0.2505,0.0,0.0,2,42
M01_CFR_S2_Epo43.hdf5,0.4165,0.3395,0.0,,,4.170854485041732,1e-07,0.5295,1.0,0.5888993457510797,0.36787944117144233,0.1515,0.0,0.188,0.0,0.0,2,43
M01_CFR_S2_Epo44.hdf5,0.4025,0.322,0.0,,,4.061467685913022,1e-07,0.5237499999999999,1.0,0.5922952709175259,0.36787944117144233,0.1145,0.0,0.2075,0.0,0.0,2,44
M01_CFR_S2_Epo45.hdf5,0.384,0.3075,0.0,,,3.9230582891942993,1e-07,0.56725,1.0,0.567082774010568,0.36787944117144233,0.1235,0.0,0.184,0.0,0.0,2,45
M01_CFR_S2_Epo46.hdf5,0.435,0.364,0.0,,,3.9406134951754876,1e-07,0.5295000000000001,1.0,0.5888993457510797,0.36787944117144233,0.143,0.0,0.221,0.0,0.0,2,46
M01_CFR_S2_Epo47.hdf5,0.388,0.28550000000000003,0.0,,,4.408896506432722,1e-07,0.6192500000000001,1.0,0.5383480472575748,0.36787944117144233,0.0605,0.0,0.225,0.0,0.0,2,47
M01_CFR_S2_Epo48.hdf5,0.4195,0.35550000000000004,0.0,,,4.436480787125403,1e-07,0.60475,1.0,0.5462109623126173,0.36787944117144233,0.10849999999999999,0.0,0.247,0.0,0.0,2,48
M01_CFR_S2_Epo49.hdf5,0.405,0.3235,0.0,,,4.117829478720733,1e-07,0.6805,1.0,0.5063637471859777,0.36787944117144233,0.088,0.0,0.2355,0.0,0.0,2,49
M01_CFR_S2_Epo50.hdf5,0.4475,0.39849999999999997,0.0,,,0.45008080337552603,1e-07,0.56025,1.0,0.5710662794316484,0.36787944117144233,0.041999999999999996,0.0,0.3565,0.0,0.0,2,50
M01_CFR_S2_Epo51.hdf5,0.4685,0.42499999999999993,0.0,,,4.121957379261044,1e-07,0.57425,1.0,0.5631270557588779,0.36787944117144233,0.1545,0.0,0.27049999999999996,0.0,0.0,2,51
M01_CFR_S2_Epo52.hdf5,0.37749999999999995,0.277,0.0,,,3.89466852446364,1e-07,0.7435,1.0,0.4754469357330479,0.36787944117144233,0.2095,0.0,0.0675,0.0,0.0,2,52
M01_CFR_S2_Epo53.hdf5,0.4125,0.357,0.0,,,0.5540939855967872,1e-07,0.52625,1.0,0.5908163821214816,0.36787944117144233,0.125,0.0,0.23199999999999998,0.0,0.0,2,53
M01_CFR_S2_Epo54.hdf5,0.4275,0.36350000000000005,0.0,,,4.198745931048118,1e-07,0.61975,1.0,0.5380789405162378,0.36787944117144233,0.10400000000000001,0.0,0.2595,0.0,0.0,2,54
M01_CFR_S2_Epo55.hdf5,0.39849999999999997,0.3065,0.0,,,3.9934918691445325,1e-07,0.6332500000000001,1.0,0.5308636873594017,0.36787944117144233,0.063,0.0,0.2435,0.0,0.0,2,55
M01_CFR_S2_Epo56.hdf5,0.404,0.3215,0.0,,,0.792620222468717,1e-07,0.2945,1.0,0.7449039463416037,0.36787944117144233,0.046,0.0,0.27549999999999997,0.0,0.0,2,56
M01_CFR_S2_Epo57.hdf5,0.41600000000000004,0.3395,0.0,,,4.1359097319513785,1e-07,0.63175,1.0,0.5316605804108119,0.36787944117144233,0.10199999999999998,0.0,0.2375,0.0,0.0,2,57
M01_CFR_S2_Epo58.hdf5,0.391,0.301,0.0,,,0.8034554739314043,1e-07,0.45399999999999996,1.0,0.6350827332459282,0.36787944117144233,0.1975,0.0,0.10349999999999998,0.0,0.0,2,58
M01_CFR_S2_Epo59.hdf5,0.3545,0.2635,0.0,,,3.583311027656136,1e-07,0.712,1.0,0.4906618916992401,0.36787944117144233,0.033,0.0,0.23049999999999998,0.0,0.0,2,59
M01_CFR_S2_Epo60.hdf5,0.376,0.286,0.0,,,0.40357115099631763,0.0,0.7032499999999999,1.0,0.4949740213063896,0.36787944117144233,0.202,0.0,0.084,0.0,0.0,2,60
M01_CFR_S2_Epo61.hdf5,0.4535,0.399,0.0,,,1.0188047102510063,1e-07,0.5025,1.0,0.6050162268931433,0.36787944117144233,0.2045,0.0,0.19449999999999998,0.0,0.0,2,61
M01_CFR_S2_Epo62.hdf5,0.403,0.2955,0.0,,,3.9290604399172615,1e-07,0.67625,1.0,0.5085203726945541,0.36787944117144233,0.056,0.0,0.2395,0.0,0.0,2,62
M01_CFR_S2_Epo63.hdf5,0.40800000000000003,0.33099999999999996,0.0,,,0.5795264784829711,1e-07,0.5725,1.0,0.5641133908979816,0.36787944117144233,0.0405,0.0,0.2905,0.0,0.0,2,63
M01_CFR_S2_Epo64.hdf5,0.38149999999999995,0.2665,0.0,,,3.4769655562994743,1e-07,0.99725,1.0,0.36889250195480167,0.36787944117144233,0.0695,0.0,0.197,0.0,0.0,2,64
M01_CFR_S2_Epo65.hdf5,0.403,0.33599999999999997,0.0,,,0.8350497497244946,1e-07,0.361,1.0,0.6969789984668727,0.36787944117144233,0.0355,0.0,0.3005,0.0,0.0,2,65
M01_CFR_S2_Epo66.hdf5,0.371,0.26549999999999996,0.0,,,0.6955067131011642,1e-07,0.4225,1.0,0.6554062543268405,0.36787944117144233,0.041499999999999995,0.0,0.22399999999999998,0.0,0.0,2,66
M01_CFR_S2_Epo67.hdf5,0.41300000000000003,0.3385,0.0,,,4.53372208835745,1e-07,0.5735,1.0,0.5635495594697838,0.36787944117144233,0.1205,0.0,0.218,0.0,0.0,2,67
M01_CFR_S2_Epo68.hdf5,0.36649999999999994,0.251,0.0,,,4.170089115362058,1e-07,0.614,1.0,0.5411818066152029,0.36787944117144233,0.0365,0.0,0.2145,0.0,0.0,2,68
M01_CFR_S2_Epo69.hdf5,0.36,0.27049999999999996,0.0,,,0.8445063741769969,1e-07,0.51075,1.0,0.6000453759753238,0.36787944117144233,0.199,0.0,0.07150000000000001,0.0,0.0021231422505307855,2,69
M01_CFR_S2_Epo70.hdf5,0.396,0.299,0.0,,,0.4463458181367245,1e-07,0.73775,1.0,0.47818863043183607,0.36787944117144233,0.077,0.0,0.222,0.0,0.0,2,70
M01_CFR_S2_Epo71.hdf5,0.4205,0.34750000000000003,0.0,,,0.4824483857577566,1e-07,0.6147499999999999,1.0,0.5407760724295799,0.36787944117144233,0.0315,0.0,0.316,0.0,0.0,2,71
M01_CFR_S2_Epo72.hdf5,0.38949999999999996,0.2865,0.0,,,0.7874195028111791,1e-07,0.45725,1.0,0.633022064762981,0.36787944117144233,0.1945,0.0,0.092,0.0,0.0,2,72
M01_CFR_S2_Epo73.hdf5,0.391,0.2875,0.0,,,0.5938822401124025,1e-07,0.52825,1.0,0.5896359302026414,0.36787944117144233,0.185,0.0,0.10250000000000001,0.0,0.0021231422505307855,2,73
M01_CFR_S2_Epo74.hdf5,0.354,0.279,0.0,,,0.38247686946417286,1e-07,0.5545,1.0,0.5743593690980282,0.36787944117144233,0.247,0.0,0.032,0.0,0.0021231422505307855,2,74
M01_CFR_S2_Epo75.hdf5,0.401,0.326,0.0,,,0.8038135144939553,1e-07,0.503,1.0,0.6047137943941221,0.36787944117144233,0.0475,0.0,0.27849999999999997,0.0,0.0,2,75
M01_CFR_S2_Epo76.hdf5,0.3345,0.2525,0.0,,,0.47257672159535874,1e-07,0.6785,1.0,0.5073774880833334,0.36787944117144233,0.1835,0.0,0.069,0.0,0.0,2,76
M01_CFR_S2_Epo77.hdf5,0.385,0.2995,0.0,,,0.7990111293441137,1e-07,0.414,1.0,0.6610009512659125,0.36787944117144233,0.1805,0.0,0.119,0.0,0.0,2,77
M01_CFR_S2_Epo78.hdf5,0.3355,0.22649999999999998,0.0,,,0.4619004834320859,1e-07,0.721,1.0,0.4862657469990346,0.36787944117144233,0.188,0.0,0.0385,0.0,0.0021231422505307855,2,78
M01_CFR_S2_Epo79.hdf5,0.38,0.2795,0.0,,,0.7215028343907365,1e-07,0.513,1.0,0.5986967916057292,0.36787944117144233,0.19999999999999998,0.0,0.0795,0.0,0.0,2,79
M01_CFR_S2_Epo80.hdf5,0.39,0.29300000000000004,0.0,,,0.818349687381933,1e-07,0.43699999999999994,1.0,0.6459714314106245,0.36787944117144233,0.183,0.0,0.11000000000000001,0.0,0.0021231422505307855,2,80
M01_CFR_S2_Epo81.hdf5,0.38,0.2635,0.0,,,0.46090142409712426,1e-07,0.55775,1.0,0.5724957312004325,0.36787944117144233,0.0335,0.0,0.22999999999999998,0.0,0.0021231422505307855,2,81
M01_CFR_S2_Epo82.hdf5,0.347,0.2325,0.0,,,0.49727891963980625,1e-07,0.71475,1.0,0.48931442511280815,0.36787944117144233,0.0445,0.0,0.188,0.0,0.0021231422505307855,2,82
M01_CFR_S2_Epo83.hdf5,0.311,0.205,0.0,,,0.6834332501055145,1e-07,0.5495,1.0,0.5772383574164245,0.36787944117144233,0.1815,0.0,0.0235,0.0,0.0021231422505307855,2,83
M01_CFR_S2_Epo84.hdf5,0.34750000000000003,0.2555,0.0,,,0.9482084974251089,1e-07,0.46525,1.0,0.6279780910409298,0.36787944117144233,0.0345,0.0,0.221,0.0,0.0,2,84
M01_CFR_S2_Epo85.hdf5,0.34199999999999997,0.269,0.0,,,0.6453165724311297,1e-07,0.53075,1.0,0.5881636814548656,0.36787944117144233,0.185,0.0,0.084,0.0,0.0021231422505307855,2,85
M01_CFR_S2_Epo86.hdf5,0.3765,0.297,0.0,,,0.8968349910409379,1e-07,0.40125,1.0,0.6694826694474958,0.36787944117144233,0.0495,0.0,0.2475,0.0,0.0021231422505307855,2,86
M01_CFR_S2_Epo87.hdf5,0.40049999999999997,0.3085,0.0,,,0.4420075236501648,1e-07,0.68825,1.0,0.5024545956734954,0.36787944117144233,0.0745,0.0,0.23399999999999999,0.0,0.0021231422505307855,2,87
M01_CFR_S2_Epo88.hdf5,0.37349999999999994,0.31,0.0,,,0.7135829366477888,1e-07,0.489,1.0,0.6132393269939275,0.36787944117144233,0.19649999999999998,0.0,0.1135,0.0,0.0021231422505307855,2,88
M01_CFR_S2_Epo89.hdf5,0.3635,0.22549999999999998,0.0,,,0.14649935446258439,1e-07,0.85125,1.0,0.4268809970626174,0.36787944117144233,0.1905,0.0,0.035,0.0,0.0021231422505307855,2,89
M01_CFR_S2_Epo90.hdf5,0.377,0.27649999999999997,0.0,,,0.27582400884712094,1e-07,0.74075,1.0,0.47675621423914155,0.36787944117144233,0.046,0.0,0.23049999999999998,0.0,0.0021231422505307855,2,90
M01_CFR_S2_Epo91.hdf5,0.393,0.3005,0.0,,,0.5775258615822018,1e-07,0.49675,1.0,0.6085050910697442,0.36787944117144233,0.054000000000000006,0.0,0.2465,0.0,0.0021231422505307855,2,91
M01_CFR_S2_Epo92.hdf5,0.38,0.27249999999999996,0.0,,,0.5802931718709883,1e-07,0.57975,1.0,0.5600383586553255,0.36787944117144233,0.0395,0.0,0.23299999999999998,0.0,0.0021231422505307855,2,92
M01_CFR_S2_Epo93.hdf5,0.385,0.286,0.0,,,0.1801510278992154,1e-07,0.7837500000000001,1.0,0.45669020790491116,0.36787944117144233,0.22549999999999998,0.0,0.0605,0.0,0.0021231422505307855,2,93
M01_CFR_S2_Epo94.hdf5,0.35850000000000004,0.269,0.0,,,0.6552031566974137,1e-07,0.5057499999999999,1.0,0.6030531159389874,0.36787944117144233,0.2005,0.0,0.0685,0.0,0.0021231422505307855,2,94
M01_CFR_S2_Epo95.hdf5,0.3385,0.26649999999999996,0.0,,,0.7445974604064224,1e-07,0.481,1.0,0.6181649177029258,0.36787944117144233,0.192,0.0,0.0745,0.0,0.0021231422505307855,2,95
M01_CFR_S2_Epo96.hdf5,0.42200000000000004,0.34299999999999997,0.0,,,0.7470869676913958,1e-07,0.411,1.0,0.6629869316007274,0.36787944117144233,0.209,0.0,0.134,0.0,0.0021231422505307855,2,96
M01_CFR_S2_Epo97.hdf5,0.39649999999999996,0.30800000000000005,0.0,,,0.7313394802500693,1e-07,0.478,1.0,0.620022196981994,0.36787944117144233,0.1875,0.0,0.1205,0.0,0.0021231422505307855,2,97
M01_CFR_S2_Epo98.hdf5,0.41000000000000003,0.32899999999999996,0.0,,,0.0710607794096599,1e-07,0.89975,1.0,0.40667131486189495,0.36787944117144233,0.2485,0.0,0.0805,0.0,0.0021231422505307855,2,98
M01_CFR_S2_Epo99.hdf5,0.3715,0.3005,0.0,,,0.7240967640166954,1e-07,0.44,1.0,0.6440364210831414,0.36787944117144233,0.0475,0.0,0.253,0.0,0.0021231422505307855,2,99
M01_CFR_S2_Epo100.hdf5,0.34199999999999997,0.27699999999999997,0.0,,,0.6859554705027483,1e-07,0.4734999999999999,1.0,0.6228185840203477,0.36787944117144233,0.19549999999999998,0.0,0.0815,0.0,0.0021231422505307855,2,100
M01_CFR_S3_Epo01.hdf5,0.039,0.0,0.0,0.061829500519376454,0.043647267476393796,0.19171843272835287,0.15571379330007812,0.296,0.465,0.7437874280201796,0.6281351051896408,0.0,0.0,0.0,0.0,0.7611940298507462,3,1
M01_CFR_S3_Epo02.hdf5,0.1125,0.0,0.0,0.08097940931361408,0.06642018553878179,0.12712339675597165,0.052488066993264,0.519,0.836,0.5951153658775501,0.4334408238165043,0.0,0.0,0.0,0.0,0.6109215017064846,3,2
M01_CFR_S3_Epo03.hdf5,0.1635,0.0025,0.0,0.09608007527820925,0.05096670820325913,0.13772371594430388,0.020995499146865312,0.645,0.926,0.5246625421065929,0.39613508585555535,0.002,0.0,0.0005,0.0,0.38823529411764707,3,3
M01_CFR_S3_Epo04.hdf5,0.271,0.0085,0.0,0.12061120061364497,0.0867283627669486,0.2143479413599994,0.028477805434076263,0.42275000000000007,0.923,0.6552424232429975,0.397325275504954,0.0085,0.0,0.0,0.0,0.24867724867724866,3,4
M01_CFR_S3_Epo05.hdf5,0.29500000000000004,0.109,0.0,0.14075770423846434,0.06878078201443086,0.27215547186312583,0.12268870203860326,0.30375,0.476,0.7380453547272775,0.6212634822474618,0.109,0.0,0.0,0.0,0.17121588089330025,3,5
M01_CFR_S3_Epo06.hdf5,0.314,0.11850000000000001,0.0,0.19914131467107987,0.12292272315098554,0.3817846290448067,0.08644524925996173,0.35450000000000004,0.65,0.7015241175914667,0.522045776761016,0.114,0.0,0.0045,0.0,0.05592841163310962,3,6
M01_CFR_S3_Epo07.hdf5,0.2895,0.1365,0.0,0.13408372553516168,0.059677031318086556,0.1910257729140014,0.03574131278361632,0.46025,0.813,0.6311258443215193,0.4435254918852095,0.1305,0.0,0.006,0.0,0.16831683168316833,3,7
M01_CFR_S3_Epo08.hdf5,0.4095,0.3015,0.0,0.24523070960683807,0.0950763575112429,0.3708772079880213,0.01939647087018708,0.39125,0.906,0.6762110821353979,0.4041375454214515,0.09,0.0,0.21150000000000002,0.0,0.04656319290465632,3,8
M01_CFR_S3_Epo09.hdf5,0.4595,0.319,0.096,0.31923025537089506,0.14002154467903286,0.2918963312817216,0.0991416791939687,0.48425,0.544,0.6161591428699942,0.5804219151407424,0.085,0.0,0.23399999999999999,0.0,0.019438444924406047,3,9
M01_CFR_S3_Epo10.hdf5,0.4175,0.254,0.002,0.40177986750740435,0.12262374855656995,0.3266277991632185,0.09355554977118781,0.53775,0.601,0.5840609121302787,0.5482630987723047,0.1635,0.002,0.0905,0.0,0.008547008547008548,3,10
M01_CFR_S3_Epo11.hdf5,0.305,0.209,0.0,,,4.1020491000382,1e-07,0.6805,1.0,0.5063637471859777,0.36787944117144233,0.1285,0.0,0.0805,0.0,0.0,3,11
M01_CFR_S3_Epo12.hdf5,0.295,0.1905,0.0,,,3.862574608871306,1e-07,0.714,1.0,0.4896815485857362,0.36787944117144233,0.109,0.0,0.0815,0.0,0.0,3,12
M01_CFR_S3_Epo13.hdf5,0.2315,0.119,0.0,,,3.57882168296909,1e-07,0.7354999999999999,1.0,0.4792657661736006,0.36787944117144233,0.0935,0.0,0.0255,0.0,0.0,3,13
M01_CFR_S3_Epo14.hdf5,0.243,0.162,0.0,,,3.2548915852008964,1e-07,0.53425,1.0,0.5861087068730778,0.36787944117144233,0.124,0.0,0.038,0.0,0.0,3,14
M01_CFR_S3_Epo15.hdf5,0.22899999999999998,0.182,0.0,,,2.3505001655611912,1e-07,0.70425,1.0,0.4944792946896188,0.36787944117144233,0.103,0.0,0.079,0.0,0.0,3,15
M01_CFR_S3_Epo16.hdf5,0.21800000000000003,0.1675,0.0,,,2.3750032096495874,1e-07,0.70775,1.0,0.49275164231350815,0.36787944117144233,0.0595,0.0,0.108,0.0,0.0,3,16
M01_CFR_S3_Epo17.hdf5,0.20450000000000002,0.1565,0.0,,,2.6874316233465816,1e-07,0.5525,1.0,0.575509237321158,0.36787944117144233,0.0225,0.0,0.134,0.0,0.0,3,17
M01_CFR_S3_Epo18.hdf5,0.2055,0.176,0.0,,,0.45976819686396786,1e-07,0.614,1.0,0.5411818066152029,0.36787944117144233,0.019,0.0,0.157,0.0,0.0,3,18
M01_CFR_S3_Epo19.hdf5,0.2395,0.1995,0.0,,,0.3920616508417042,1e-07,0.60475,1.0,0.5462109623126173,0.36787944117144233,0.02,0.0,0.1795,0.0,0.0,3,19
M01_CFR_S3_Epo20.hdf5,0.26349999999999996,0.2005,0.0,,,0.07676548493948257,1e-07,0.78375,1.0,0.4566902079049112,0.36787944117144233,0.0185,0.0,0.182,0.0,0.0,3,20
M01_CFR_S3_Epo21.hdf5,0.3045,0.2455,0.0,,,0.23461935290677452,1e-07,0.6555,1.0,0.5191824064751921,0.36787944117144233,0.0175,0.0,0.228,0.0,0.0,3,21
M01_CFR_S3_Epo22.hdf5,0.34550000000000003,0.328,0.0,,,3.7911977546455895,1e-07,0.51725,1.0,0.5961577295700469,0.36787944117144233,0.023,0.0,0.305,0.0,0.0,3,22
M01_CFR_S3_Epo23.hdf5,0.312,0.2625,0.0,,,0.3659184469023053,1e-07,0.52075,1.0,0.5940748247263264,0.36787944117144233,0.021,0.0,0.2415,0.0,0.0,3,23
M01_CFR_S3_Epo24.hdf5,0.34099999999999997,0.3005,0.0,,,0.17769039678202736,0.0,0.64,1.0,0.5272924240430485,0.36787944117144233,0.0245,0.0,0.276,0.0,0.0,3,24
M01_CFR_S3_Epo25.hdf5,0.3495,0.3125,0.0,,,0.2561656666061084,0.0,0.567,1.0,0.5672245624268841,0.36787944117144233,0.02,0.0,0.2925,0.0,0.0,3,25
M01_CFR_S3_Epo26.hdf5,0.33899999999999997,0.286,0.0,,,3.9633867835456664,1e-07,0.5830000000000001,1.0,0.5582211884907012,0.36787944117144233,0.030000000000000002,0.0,0.256,0.0,0.0,3,26
M01_CFR_S3_Epo27.hdf5,0.307,0.22349999999999998,0.0,,,0.37673999239634176,1e-07,0.5365,1.0,0.5847914447582125,0.36787944117144233,0.0245,0.0,0.19899999999999998,0.0,0.0,3,27
M01_CFR_S3_Epo28.hdf5,0.3295,0.21999999999999997,0.0,,,3.4550291901374766,1e-07,0.641,1.0,0.5267653951773574,0.36787944117144233,0.0315,0.0,0.1885,0.0,0.0,3,28
M01_CFR_S3_Epo29.hdf5,0.296,0.21,0.0,,,3.669457116710164,1e-07,0.5217499999999999,1.0,0.5934810468400248,0.36787944117144233,0.028499999999999998,0.0,0.1815,0.0,0.0,3,29
M01_CFR_S3_Epo30.hdf5,0.2085,0.207,0.0,,,0.41269002579924663,1e-07,0.55475,1.0,0.5742157972029884,0.36787944117144233,0.026,0.0,0.181,0.0,0.0,3,30
M01_CFR_S3_Epo31.hdf5,0.3675,0.2865,0.0,,,4.023228223480396,1e-07,0.6074999999999999,1.0,0.5447109456345129,0.36787944117144233,0.0745,0.0,0.212,0.0,0.0,3,31
M01_CFR_S3_Epo32.hdf5,0.2905,0.2215,0.0,,,3.9854016067240297,1e-07,0.58875,1.0,0.5550206270891178,0.36787944117144233,0.0395,0.0,0.182,0.0,0.0,3,32
M01_CFR_S3_Epo33.hdf5,0.31,0.2105,0.0,,,4.061524522501934,1e-07,0.54825,1.0,0.5779603565186237,0.36787944117144233,0.0315,0.0,0.179,0.0,0.0,3,33
M01_CFR_S3_Epo34.hdf5,0.3165,0.22,0.0,,,3.7155886314107214,1e-07,0.50925,1.0,0.6009461194279869,0.36787944117144233,0.0335,0.0,0.1865,0.0,0.0,3,34
M01_CFR_S3_Epo35.hdf5,0.362,0.2775,0.0,,,3.5573046929977536,1e-07,0.758,1.0,0.46860269582065023,0.36787944117144233,0.0965,0.0,0.181,0.0,0.0,3,35
M01_CFR_S3_Epo36.hdf5,0.36450000000000005,0.278,0.0,,,4.277278696529039,1e-07,0.50175,1.0,0.605470159266675,0.36787944117144233,0.097,0.0,0.181,0.0,0.0,3,36
M01_CFR_S3_Epo37.hdf5,0.427,0.3385,0.0,,,4.106245578448188,1e-07,0.626,1.0,0.5347264346319975,0.36787944117144233,0.131,0.0,0.2075,0.0,0.0,3,37
M01_CFR_S3_Epo38.hdf5,0.428,0.364,0.0,,,4.009273550931534,1e-07,0.53625,1.0,0.5849376608956578,0.36787944117144233,0.11549999999999999,0.0,0.2485,0.0,0.0,3,38
M01_CFR_S3_Epo39.hdf5,0.393,0.3065,0.0,,,3.863928555543309,1e-07,0.508,1.0,0.6016977717621094,0.36787944117144233,0.0995,0.0,0.207,0.0,0.0,3,39
M01_CFR_S3_Epo40.hdf5,0.4105,0.3345,0.0,,,4.466936351187206,1e-07,0.50625,1.0,0.6027516647500953,0.36787944117144233,0.118,0.0,0.2165,0.0,0.0,3,40
M01_CFR_S3_Epo41.hdf5,0.37449999999999994,0.272,0.0,,,4.413817772976146,1e-07,0.55525,1.0,0.5739287610694002,0.36787944117144233,0.0905,0.0,0.1815,0.0,0.0,3,41
M01_CFR_S3_Epo42.hdf5,0.4355,0.37149999999999994,0.0,,,4.42877237696703,1e-07,0.51325,1.0,0.5985471361155434,0.36787944117144233,0.123,0.0,0.2485,0.0,0.0,3,42
M01_CFR_S3_Epo43.hdf5,0.41100000000000003,0.3345,0.0,,,4.1795404532480385,1e-07,0.51075,1.0,0.6000453759753238,0.36787944117144233,0.1265,0.0,0.208,0.0,0.0,3,43
M01_CFR_S3_Epo44.hdf5,0.4375,0.363,0.0,,,4.043718881221944,1e-07,0.53325,1.0,0.5866951087320136,0.36787944117144233,0.14250000000000002,0.0,0.2205,0.0,0.0,3,44
M01_CFR_S3_Epo45.hdf5,0.404,0.3255,0.0,,,3.986902803742147,1e-07,0.53,1.0,0.5886049696783552,0.36787944117144233,0.139,0.0,0.1865,0.0,0.0,3,45
M01_CFR_S3_Epo46.hdf5,0.436,0.3665,0.0,,,3.9410361871889026,1e-07,0.52825,1.0,0.5896359302026414,0.36787944117144233,0.142,0.0,0.2245,0.0,0.0,3,46
M01_CFR_S3_Epo47.hdf5,0.38949999999999996,0.2885,0.0,,,4.405593022945399,1e-07,0.63275,1.0,0.5311291855721033,0.36787944117144233,0.0615,0.0,0.227,0.0,0.0,3,47
M01_CFR_S3_Epo48.hdf5,0.43699999999999994,0.38249999999999995,0.0,,,4.430037110150401,1e-07,0.62925,1.0,0.5329913946865513,0.36787944117144233,0.1315,0.0,0.251,0.0,0.0,3,48
M01_CFR_S3_Epo49.hdf5,0.4045,0.323,0.0,,,4.12246968736877,1e-07,0.65825,1.0,0.5177566162175344,0.36787944117144233,0.088,0.0,0.235,0.0,0.0,3,49
M01_CFR_S3_Epo50.hdf5,0.44699999999999995,0.40049999999999997,0.0,,,0.45150412069378004,1e-07,0.55475,1.0,0.5742157972029884,0.36787944117144233,0.0445,0.0,0.356,0.0,0.0,3,50
M01_CFR_S3_Epo51.hdf5,0.478,0.43699999999999994,0.0,,,4.37689351399838,1e-07,0.5505,1.0,0.5766614075820045,0.36787944117144233,0.164,0.0,0.273,0.0,0.0,3,51
M01_CFR_S3_Epo52.hdf5,0.40249999999999997,0.3075,0.0,,,3.902913454640333,1e-07,0.7030000000000001,1.0,0.4950977802809434,0.36787944117144233,0.07949999999999999,0.0,0.22799999999999998,0.0,0.0,3,52
M01_CFR_S3_Epo53.hdf5,0.4305,0.376,0.0,,,0.500774820203976,1e-07,0.5227499999999999,1.0,0.5928878624348194,0.36787944117144233,0.13499999999999998,0.0,0.241,0.0,0.0,3,53
M01_CFR_S3_Epo54.hdf5,0.4355,0.3695,0.0,,,4.1999891076874825,1e-07,0.6122500000000001,1.0,0.5421297039450318,0.36787944117144233,0.0995,0.0,0.27,0.0,0.0,3,54
M01_CFR_S3_Epo55.hdf5,0.4145,0.33799999999999997,0.0,,,3.9809752781417904,1e-07,0.63375,1.0,0.5305983218626247,0.36787944117144233,0.0765,0.0,0.2615,0.0,0.0,3,55
M01_CFR_S3_Epo56.hdf5,0.4105,0.3395,0.0,,,0.7845785567608844,1e-07,0.31275,1.0,0.7314327479004884,0.36787944117144233,0.044,0.0,0.2955,0.0,0.0,3,56
M01_CFR_S3_Epo57.hdf5,0.42200000000000004,0.348,0.0,,,0.4633322947668039,1e-07,0.58975,1.0,0.554465883879862,0.36787944117144233,0.037,0.0,0.311,0.0,0.0,3,57
M01_CFR_S3_Epo58.hdf5,0.40249999999999997,0.3095,0.0,,,0.8688567248068015,1e-07,0.479,1.0,0.6194024846927992,0.36787944117144233,0.2005,0.0,0.109,0.0,0.0,3,58
M01_CFR_S3_Epo59.hdf5,0.3535,0.2635,0.0,,,0.6096346723370518,1e-07,0.50225,1.0,0.6051674998581993,0.36787944117144233,0.032,0.0,0.23149999999999998,0.0,0.0,3,59
M01_CFR_S3_Epo60.hdf5,0.3825,0.2925,0.0,,,0.38009328723984803,1e-07,0.6952499999999999,1.0,0.49894969496791663,0.36787944117144233,0.2005,0.0,0.092,0.0,0.0,3,60
M01_CFR_S3_Epo61.hdf5,0.45299999999999996,0.39649999999999996,0.0,,,1.0305922752380432,1e-07,0.44525,1.0,0.6406640899874007,0.36787944117144233,0.046,0.0,0.3505,0.0,0.0,3,61
M01_CFR_S3_Epo62.hdf5,0.39549999999999996,0.303,0.0,,,3.8916838885929463,1e-07,0.70125,1.0,0.49596495995734047,0.36787944117144233,0.0895,0.0,0.2135,0.0,0.0,3,62
M01_CFR_S3_Epo63.hdf5,0.4085,0.3405,0.0,,,0.5784668813300333,1e-07,0.5735,1.0,0.5635495594697838,0.36787944117144233,0.0365,0.0,0.304,0.0,0.0,3,63
M01_CFR_S3_Epo64.hdf5,0.39549999999999996,0.2815,0.0,,,0.3221935317966107,1e-07,0.7505000000000001,1.0,0.47213042850062353,0.36787944117144233,0.0675,0.0,0.214,0.0,0.0,3,64
M01_CFR_S3_Epo65.hdf5,0.403,0.334,0.0,,,0.8398547399959905,1e-07,0.34299999999999997,1.0,0.7096382115602087,0.36787944117144233,0.034499999999999996,0.0,0.2995,0.0,0.0,3,65
M01_CFR_S3_Epo66.hdf5,0.38349999999999995,0.279,0.0,,,0.7014118992981015,1e-07,0.449,1.0,0.6382660986937688,0.36787944117144233,0.046,0.0,0.23299999999999998,0.0,0.0,3,66
M01_CFR_S3_Epo67.hdf5,0.4115,0.33799999999999997,0.0,,,4.528120695192467,1e-07,0.59125,1.0,0.5536348085163914,0.36787944117144233,0.1195,0.0,0.2185,0.0,0.0,3,67
M01_CFR_S3_Epo68.hdf5,0.373,0.2815,0.0,,,4.141981949320064,1e-07,0.6245,1.0,0.5355291261520809,0.36787944117144233,0.0455,0.0,0.236,0.0,0.0,3,68
M01_CFR_S3_Epo69.hdf5,0.362,0.273,0.0,,,0.8402571704991315,1e-07,0.53075,1.0,0.5881636814548656,0.36787944117144233,0.202,0.0,0.07100000000000001,0.0,0.0021231422505307855,3,69
M01_CFR_S3_Epo70.hdf5,0.39949999999999997,0.313,0.0,,,0.6181306410969126,1e-07,0.54725,1.0,0.5785386059516713,0.36787944117144233,0.0445,0.0,0.26849999999999996,0.0,0.0,3,70
M01_CFR_S3_Epo71.hdf5,0.4345,0.3695,0.0,,,0.5811045383951049,1e-07,0.54925,1.0,0.5773826850459806,0.36787944117144233,0.1965,0.0,0.173,0.0,0.0,3,71
M01_CFR_S3_Epo72.hdf5,0.39749999999999996,0.3045,0.0,,,0.7753895313050984,1e-07,0.4845,1.0,0.6160051223376455,0.36787944117144233,0.1965,0.0,0.108,0.0,0.0,3,72
M01_CFR_S3_Epo73.hdf5,0.393,0.2895,0.0,,,0.5933736580278148,1e-07,0.53025,1.0,0.5884578368283082,0.36787944117144233,0.187,0.0,0.10250000000000001,0.0,0.0021231422505307855,3,73
M01_CFR_S3_Epo74.hdf5,0.371,0.29800000000000004,0.0,,,0.43982646910257706,1e-07,0.5097499999999999,1.0,0.6006457214740197,0.36787944117144233,0.263,0.0,0.034999999999999996,0.0,0.0021231422505307855,3,74
M01_CFR_S3_Epo75.hdf5,0.41600000000000004,0.34850000000000003,0.0,,,0.8127671964880203,1e-07,0.47425,1.0,0.6223516452062755,0.36787944117144233,0.0535,0.0,0.295,0.0,0.0,3,75
M01_CFR_S3_Epo76.hdf5,0.369,0.279,0.0,,,0.5439526367180335,1e-07,0.6605,1.0,0.5165929734201038,0.36787944117144233,0.1885,0.0,0.0905,0.0,0.0,3,76
M01_CFR_S3_Epo77.hdf5,0.39449999999999996,0.308,0.0,,,0.7851738450255943,1e-07,0.42324999999999996,1.0,0.6549148839230299,0.36787944117144233,0.183,0.0,0.125,0.0,0.0,3,77
M01_CFR_S3_Epo78.hdf5,0.346,0.23149999999999998,0.0,,,0.4970336759358606,1e-07,0.71025,1.0,0.4915213017742008,0.36787944117144233,0.191,0.0,0.0405,0.0,0.0021231422505307855,3,78
M01_CFR_S3_Epo79.hdf5,0.38849999999999996,0.2995,0.0,,,0.7255154800942087,1e-07,0.49375,1.0,0.610333347356191,0.36787944117144233,0.20049999999999998,0.0,0.099,0.0,0.0,3,79
M01_CFR_S3_Epo80.hdf5,0.4185,0.34500000000000003,0.0,,,0.8632423859470755,1e-07,0.4265,1.0,0.6527898655755532,0.36787944117144233,0.193,0.0,0.152,0.0,0.0021231422505307855,3,80
M01_CFR_S3_Epo81.hdf5,0.3715,0.27049999999999996,0.0,,,0.41360134053034053,1e-07,0.6000000000000001,1.0,0.5488116360940264,0.36787944117144233,0.04,0.0,0.23049999999999998,0.0,0.0021231422505307855,3,81
M01_CFR_S3_Epo82.hdf5,0.358,0.2595,0.0,,,1.0127298776275784,1e-07,0.44625000000000004,1.0,0.6400237461227075,0.36787944117144233,0.0405,0.0,0.219,0.0,0.0021231422505307855,3,82
M01_CFR_S3_Epo83.hdf5,0.32899999999999996,0.2145,0.0,,,0.7174339829329728,1e-07,0.53125,1.0,0.5878696731223465,0.36787944117144233,0.187,0.0,0.0275,0.0,0.0021231422505307855,3,83
M01_CFR_S3_Epo84.hdf5,0.35950000000000004,0.26949999999999996,0.0,,,0.9626153471804858,1e-07,0.398,1.0,0.6716620276620098,0.36787944117144233,0.0345,0.0,0.235,0.0,0.0,3,84
M01_CFR_S3_Epo85.hdf5,0.3405,0.26949999999999996,0.0,,,0.5551416228532774,1e-07,0.5822499999999999,1.0,0.5586400114210358,0.36787944117144233,0.185,0.0,0.0845,0.0,0.0021231422505307855,3,85
M01_CFR_S3_Epo86.hdf5,0.39049999999999996,0.32,0.0,,,0.25069259442369013,1e-07,0.62475,1.0,0.5353952606044337,0.36787944117144233,0.08399999999999999,0.0,0.236,0.0,0.0021231422505307855,3,86
M01_CFR_S3_Epo87.hdf5,0.421,0.348,0.0,,,0.3757962636101495,1e-07,0.6875,1.0,0.5028315779709409,0.36787944117144233,0.08349999999999999,0.0,0.26449999999999996,0.0,0.0021231422505307855,3,87
M01_CFR_S3_Epo88.hdf5,0.403,0.3175,0.0,,,0.7643120235175781,1e-07,0.50125,1.0,0.6057729700426938,0.36787944117144233,0.049,0.0,0.26849999999999996,0.0,0.0021231422505307855,3,88
M01_CFR_S3_Epo89.hdf5,0.362,0.22649999999999998,0.0,,,0.1576059979590319,1e-07,0.7969999999999999,1.0,0.45067897501340953,0.36787944117144233,0.19,0.0,0.0365,0.0,0.0021231422505307855,3,89
M01_CFR_S3_Epo90.hdf5,0.37849999999999995,0.277,0.0,,,0.27358247902486904,1e-07,0.7517499999999999,1.0,0.4715406341632548,0.36787944117144233,0.19649999999999998,0.0,0.0805,0.0,0.0021231422505307855,3,90
M01_CFR_S3_Epo91.hdf5,0.39249999999999996,0.298,0.0,,,0.5721841361572592,1e-07,0.52275,1.0,0.5928878624348193,0.36787944117144233,0.204,0.0,0.094,0.0,0.0021231422505307855,3,91
M01_CFR_S3_Epo92.hdf5,0.389,0.2955,0.0,,,0.5795756846691228,1e-07,0.5825,1.0,0.5585003688742262,0.36787944117144233,0.042499999999999996,0.0,0.253,0.0,0.0021231422505307855,3,92
M01_CFR_S3_Epo93.hdf5,0.385,0.28200000000000003,0.0,,,0.18262529961968885,1e-07,0.77175,1.0,0.46220350401704835,0.36787944117144233,0.22699999999999998,0.0,0.05499999999999999,0.0,0.0021231422505307855,3,93
M01_CFR_S3_Epo94.hdf5,0.35550000000000004,0.264,0.0,,,0.6436022676669318,1e-07,0.5297499999999999,1.0,0.5887521393162131,0.36787944117144233,0.20400000000000001,0.0,0.06,0.0,0.0021231422505307855,3,94
M01_CFR_S3_Epo95.hdf5,0.3705,0.27749999999999997,0.0,,,0.6414425537716801,1e-07,0.47875,1.0,0.6195573546719132,0.36787944117144233,0.1885,0.0,0.089,0.0,0.0021231422505307855,3,95
M01_CFR_S3_Epo96.hdf5,0.42600000000000005,0.345,0.0,,,0.7318725709410768,1e-07,0.4525,1.0,0.63603607217124,0.36787944117144233,0.2085,0.0,0.1365,0.0,0.0021231422505307855,3,96
M01_CFR_S3_Epo97.hdf5,0.402,0.32,0.0,,,0.548837101469884,1e-07,0.59125,1.0,0.5536348085163914,0.36787944117144233,0.198,0.0,0.122,0.0,0.0021231422505307855,3,97
M01_CFR_S3_Epo98.hdf5,0.424,0.365,0.0,,,0.08040715531428566,1e-07,0.8560000000000001,1.0,0.42485812046192456,0.36787944117144233,0.267,0.0,0.098,0.0,0.0021231422505307855,3,98
M01_CFR_S3_Epo99.hdf5,0.387,0.3065,0.0,,,0.7799317695042731,1e-07,0.442,1.0,0.6427496354555312,0.36787944117144233,0.0475,0.0,0.259,0.0,0.0021231422505307855,3,99
M01_CFR_S3_Epo100.hdf5,0.348,0.2825,0.0,,,0.6800308799707699,1e-07,0.5025,1.0,0.6050162268931433,0.36787944117144233,0.0465,0.0,0.236,0.0,0.0021231422505307855,3,100
M01_CFR_S4_Epo01.hdf5,0.039,0.0,0.0,0.061829500519376454,0.043647267476393796,0.19171843272835287,0.15571379330007812,0.296,0.465,0.7437874280201796,0.6281351051896408,0.0,0.0,0.0,0.0,0.7611940298507462,4,1
M01_CFR_S4_Epo02.hdf5,0.1125,0.0,0.0,0.08097940931361408,0.06642018553878179,0.12712339675597165,0.052488066993264,0.519,0.836,0.5951153658775501,0.4334408238165043,0.0,0.0,0.0,0.0,0.6109215017064846,4,2
M01_CFR_S4_Epo03.hdf5,0.1355,0.0015,0.0,0.09110914378057391,0.054265316530491575,0.14724789144823514,0.014244923598239704,0.6065,0.95,0.545255929026428,0.38674102345450123,0.001,0.0,0.0005,0.0,0.39644970414201186,4,3
M01_CFR_S4_Epo04.hdf5,0.2605,0.01,0.0,0.11892967510895734,0.08760647801581985,0.1840794817903387,0.004946090903178289,0.49524999999999997,0.987,0.6094185336169887,0.3726930948635714,0.01,0.0,0.0,0.0,0.2553191489361702,4,4
M01_CFR_S4_Epo05.hdf5,0.28200000000000003,0.0915,0.0,0.14013724979465714,0.07881751951191802,0.26596211873644804,0.10837879534463203,0.31525000000000003,0.512,0.7296064498544914,0.5992957878455384,0.0915,0.0,0.0,0.0,0.1654320987654321,4,5
M01_CFR_S4_Epo06.hdf5,0.2885,0.114,0.0,0.195265382682177,0.12016961703724625,0.3363459199672695,0.12111973699178102,0.397,0.525,0.6723340256326572,0.5915553643668151,0.1125,0.0,0.0015,0.0,0.05357142857142857,4,6
M01_CFR_S4_Epo07.hdf5,0.3215,0.1955,0.0,0.15154668465617244,0.050851231488603696,0.17475470022278078,0.02211801841337186,0.54125,0.895,0.5820202721409569,0.40860759864084845,0.195,0.0,0.0005,0.0,0.1346153846153846,4,7
M01_CFR_S4_Epo08.hdf5,0.426,0.3065,0.0,0.2481859393435113,0.1050512232366582,0.3800257075599122,0.05316964455510307,0.34775000000000006,0.746,0.7062754230008668,0.4742598029280199,0.099,0.0,0.20750000000000002,0.0,0.04656319290465632,4,8
M01_CFR_S4_Epo09.hdf5,0.47750000000000004,0.357,0.144,0.3273415835589198,0.14846561239538897,0.26266968573152727,0.03665963315822164,0.566,0.86,0.5677920706961533,0.4231620823177488,0.109,0.0,0.248,0.0,0.019438444924406047,4,9
M01_CFR_S4_Epo10.hdf5,0.4185,0.2355,0.002,0.4350882704805556,0.12915515824395266,0.5694031722384711,0.09355554977118781,0.40675,0.574,0.6658106221522111,0.5632678551220047,0.1455,0.002,0.09,0.0,0.006396588486140725,4,10
M01_CFR_S4_Epo11.hdf5,0.308,0.1995,0.0,,,4.116299745512494,1e-07,0.6835,1.0,0.5048469323043532,0.36787944117144233,0.1495,0.0,0.05,0.0,0.0,4,11
M01_CFR_S4_Epo12.hdf5,0.2965,0.199,0.0,,,3.831169891993911,1e-07,0.7715,1.0,0.4623190693381159,0.36787944117144233,0.0395,0.0,0.1595,0.0,0.0,4,12
M01_CFR_S4_Epo13.hdf5,0.2345,0.10450000000000001,0.0,,,3.6118199142223353,1e-07,0.66025,1.0,0.5167221378083346,0.36787944117144233,0.07900000000000001,0.0,0.0255,0.0,0.0,4,13
M01_CFR_S4_Epo14.hdf5,0.248,0.1565,0.0,,,3.2207628841086056,1e-07,0.5720000000000001,1.0,0.5643955181193583,0.36787944117144233,0.1155,0.0,0.040999999999999995,0.0,0.0,4,14
M01_CFR_S4_Epo15.hdf5,0.23049999999999998,0.1805,0.0,,,2.3513336328513526,1e-07,0.7085,1.0,0.4923822171335323,0.36787944117144233,0.10149999999999999,0.0,0.079,0.0,0.0,4,15
M01_CFR_S4_Epo16.hdf5,0.20550000000000002,0.16249999999999998,0.0,,,2.4341964388925557,1e-07,0.6415,1.0,0.5265020783144703,0.36787944117144233,0.068,0.0,0.0945,0.0,0.0,4,16
M01_CFR_S4_Epo17.hdf5,0.1985,0.151,0.0,,,2.6672695423468284,1e-07,0.5855,1.0,0.5568273785078957,0.36787944117144233,0.021,0.0,0.13,0.0,0.0,4,17
M01_CFR_S4_Epo18.hdf5,0.20149999999999998,0.1775,0.0,,,0.34259578215069136,1e-07,0.686,1.0,0.5035863913063714,0.36787944117144233,0.021,0.0,0.1565,0.0,0.0,4,18
M01_CFR_S4_Epo19.hdf5,0.2415,0.1995,0.0,,,0.3917578631868324,1e-07,0.6074999999999999,1.0,0.5447109456345129,0.36787944117144233,0.021,0.0,0.17850000000000002,0.0,0.0,4,19
M01_CFR_S4_Epo20.hdf5,0.262,0.1995,0.0,,,0.07029914135535292,1e-07,0.7969999999999999,1.0,0.45067897501340953,0.36787944117144233,0.0165,0.0,0.183,0.0,0.0,4,20
M01_CFR_S4_Epo21.hdf5,0.3075,0.248,0.0,,,0.2459122065051105,1e-07,0.621,1.0,0.5374067620396636,0.36787944117144233,0.017,0.0,0.231,0.0,0.0,4,21
M01_CFR_S4_Epo22.hdf5,0.347,0.33,0.0,,,3.785861640820797,1e-07,0.52025,1.0,0.5943719364104207,0.36787944117144233,0.023,0.0,0.307,0.0,0.0,4,22
M01_CFR_S4_Epo23.hdf5,0.3135,0.264,0.0,,,0.3618488333219192,1e-07,0.52325,1.0,0.5925914926022344,0.36787944117144233,0.0205,0.0,0.2435,0.0,0.0,4,23
M01_CFR_S4_Epo24.hdf5,0.3435,0.3015,0.0,,,0.1732916023325314,0.0,0.64975,1.0,0.5221763045204963,0.36787944117144233,0.023,0.0,0.27849999999999997,0.0,0.0,4,24
M01_CFR_S4_Epo25.hdf5,0.3485,0.313,0.0,,,0.27445610680214694,0.0,0.5555,1.0,0.5737852968129121,0.36787944117144233,0.02,0.0,0.293,0.0,0.0,4,25
M01_CFR_S4_Epo26.hdf5,0.3215,0.27649999999999997,0.0,,,0.21812999049014356,0.0,0.6175,1.0,0.5392909811668016,0.36787944117144233,0.023,0.0,0.2535,0.0,0.0,4,26
M01_CFR_S4_Epo27.hdf5,0.2975,0.2155,0.0,,,0.4111941540526018,1e-07,0.51475,1.0,0.5976499884403417,0.36787944117144233,0.023,0.0,0.1925,0.0,0.0,4,27
M01_CFR_S4_Epo28.hdf5,0.3065,0.22599999999999998,0.0,,,3.451542507284562,1e-07,0.6519999999999999,1.0,0.5210027286033344,0.36787944117144233,0.036000000000000004,0.0,0.19,0.0,0.0,4,28
M01_CFR_S4_Epo29.hdf5,0.295,0.20900000000000002,0.0,,,3.670144654376071,1e-07,0.5217499999999999,1.0,0.5934810468400248,0.36787944117144233,0.028,0.0,0.181,0.0,0.0,4,29
M01_CFR_S4_Epo30.hdf5,0.2095,0.207,0.0,,,0.4177523842348717,1e-07,0.5525,1.0,0.575509237321158,0.36787944117144233,0.0265,0.0,0.1805,0.0,0.0,4,30
M01_CFR_S4_Epo31.hdf5,0.35250000000000004,0.244,0.0,,,4.027624107081215,1e-07,0.60375,1.0,0.5467574464714691,0.36787944117144233,0.035500000000000004,0.0,0.2085,0.0,0.0,4,31
M01_CFR_S4_Epo32.hdf5,0.2915,0.22,0.0,,,3.9945461888819978,1e-07,0.5815,1.0,0.5590591485863915,0.36787944117144233,0.0395,0.0,0.1805,0.0,0.0,4,32
M01_CFR_S4_Epo33.hdf5,0.3045,0.22399999999999998,0.0,,,4.314650740034043,1e-07,0.50175,1.0,0.605470159266675,0.36787944117144233,0.036000000000000004,0.0,0.188,0.0,0.0,4,33
M01_CFR_S4_Epo34.hdf5,0.317,0.22,0.0,,,3.726622438348316,1e-07,0.50675,1.0,0.6024503642491226,0.36787944117144233,0.033,0.0,0.187,0.0,0.0,4,34
M01_CFR_S4_Epo35.hdf5,0.3185,0.20850000000000002,0.0,,,3.2970508833933905,1e-07,0.76525,1.0,0.4652176120320434,0.36787944117144233,0.0315,0.0,0.177,0.0,0.0,4,35
M01_CFR_S4_Epo36.hdf5,0.3355,0.255,0.0,,,4.217122622487084,1e-07,0.50375,1.0,0.6042604290815702,0.36787944117144233,0.07200000000000001,0.0,0.183,0.0,0.0,4,36
M01_CFR_S4_Epo37.hdf5,0.38749999999999996,0.304,0.0,,,4.11542878452056,1e-07,0.61225,1.0,0.5421297039450318,0.36787944117144233,0.1175,0.0,0.1865,0.0,0.0,4,37
M01_CFR_S4_Epo38.hdf5,0.41400000000000003,0.3425,0.0,,,3.98418545397113,1e-07,0.5569999999999999,1.0,0.5729252640535185,0.36787944117144233,0.11349999999999999,0.0,0.22899999999999998,0.0,0.0,4,38
M01_CFR_S4_Epo39.hdf5,0.3795,0.2895,0.0,,,3.6101252886102375,1e-07,0.51075,1.0,0.6000453759753238,0.36787944117144233,0.0965,0.0,0.193,0.0,0.0,4,39
M01_CFR_S4_Epo40.hdf5,0.41100000000000003,0.3295,0.0,,,4.469480524636513,1e-07,0.514,1.0,0.5980983940627613,0.36787944117144233,0.11350000000000002,0.0,0.216,0.0,0.0,4,40
M01_CFR_S4_Epo41.hdf5,0.3425,0.23650000000000002,0.0,,,4.345133044825024,1e-07,0.56425,1.0,0.5687865767588702,0.36787944117144233,0.0565,0.0,0.18,0.0,0.0,4,41
M01_CFR_S4_Epo42.hdf5,0.4075,0.3215,0.0,,,4.418600060920681,1e-07,0.525,1.0,0.5915553643668151,0.36787944117144233,0.07350000000000001,0.0,0.248,0.0,0.0,4,42
M01_CFR_S4_Epo43.hdf5,0.40149999999999997,0.318,0.0,,,4.168572649766008,1e-07,0.53325,1.0,0.5866951087320136,0.36787944117144233,0.1295,0.0,0.1885,0.0,0.0,4,43
M01_CFR_S4_Epo44.hdf5,0.392,0.2935,0.0,,,4.056319552182264,1e-07,0.5309999999999999,1.0,0.5880166589130854,0.36787944117144233,0.0865,0.0,0.207,0.0,0.0,4,44
M01_CFR_S4_Epo45.hdf5,0.38549999999999995,0.3075,0.0,,,3.917171982857371,1e-07,0.5860000000000001,1.0,0.5565490344104648,0.36787944117144233,0.1235,0.0,0.184,0.0,0.0,4,45
M01_CFR_S4_Epo46.hdf5,0.4365,0.365,0.0,,,3.9406134951754876,1e-07,0.5295000000000001,1.0,0.5888993457510797,0.36787944117144233,0.1435,0.0,0.2215,0.0,0.0,4,46
M01_CFR_S4_Epo47.hdf5,0.393,0.2745,0.0,,,4.154681222908857,1e-07,0.62275,1.0,0.5364671226303811,0.36787944117144233,0.05,0.0,0.2245,0.0,0.0,4,47
M01_CFR_S4_Epo48.hdf5,0.4155,0.34750000000000003,0.0,,,4.457978231920878,1e-07,0.62575,1.0,0.5348601329522492,0.36787944117144233,0.11249999999999999,0.0,0.235,0.0,0.0,4,48
M01_CFR_S4_Epo49.hdf5,0.3905,0.30000000000000004,0.0,,,4.148279866197326,1e-07,0.6805,1.0,0.5063637471859777,0.36787944117144233,0.08149999999999999,0.0,0.2185,0.0,0.0,4,49
M01_CFR_S4_Epo50.hdf5,0.421,0.358,0.0,,,4.122690885364916,1e-07,0.622,1.0,0.5368696238914595,0.36787944117144233,0.093,0.0,0.265,0.0,0.0,4,50
M01_CFR_S4_Epo51.hdf5,0.4395,0.38049999999999995,0.0,,,3.870447231352014,1e-07,0.57625,1.0,0.5620019271510108,0.36787944117144233,0.10999999999999999,0.0,0.27049999999999996,0.0,0.0,4,51
M01_CFR_S4_Epo52.hdf5,0.37849999999999995,0.27749999999999997,0.0,,,3.89466852446364,1e-07,0.7435,1.0,0.4754469357330479,0.36787944117144233,0.209,0.0,0.0685,0.0,0.0,4,52
M01_CFR_S4_Epo53.hdf5,0.4085,0.344,0.0,,,0.4888441609480882,1e-07,0.58925,1.0,0.5547431861415901,0.36787944117144233,0.046,0.0,0.298,0.0,0.0,4,53
M01_CFR_S4_Epo54.hdf5,0.41600000000000004,0.3415,0.0,,,4.200973236070145,1e-07,0.6112500000000001,1.0,0.5426721048042064,0.36787944117144233,0.08199999999999999,0.0,0.2595,0.0,0.0,4,54
M01_CFR_S4_Epo55.hdf5,0.3825,0.28250000000000003,0.0,,,3.9886925613950757,1e-07,0.6332500000000001,1.0,0.5308636873594017,0.36787944117144233,0.062000000000000006,0.0,0.2205,0.0,0.0,4,55
M01_CFR_S4_Epo56.hdf5,0.393,0.3025,0.0,,,0.7320597003644064,1e-07,0.30624999999999997,1.0,0.7362025458114004,0.36787944117144233,0.045,0.0,0.25749999999999995,0.0,0.0,4,56
M01_CFR_S4_Epo57.hdf5,0.4135,0.3375,0.0,,,4.130414540290146,1e-07,0.65475,1.0,0.5195719393366122,0.36787944117144233,0.10200000000000001,0.0,0.2355,0.0,0.0,4,57
M01_CFR_S4_Epo58.hdf5,0.393,0.3015,0.0,,,0.7970605441695197,1e-07,0.48224999999999996,1.0,0.6173926942959764,0.36787944117144233,0.197,0.0,0.10449999999999998,0.0,0.0,4,58
M01_CFR_S4_Epo59.hdf5,0.3485,0.256,0.0,,,3.5417175385436996,1e-07,0.73525,1.0,0.47938559759344734,0.36787944117144233,0.192,0.0,0.064,0.0,0.0,4,59
M01_CFR_S4_Epo60.hdf5,0.369,0.282,0.0,,,0.4713670541263864,1e-07,0.644,1.0,0.5251874670674361,0.36787944117144233,0.037,0.0,0.245,0.0,0.0,4,60
M01_CFR_S4_Epo61.hdf5,0.45099999999999996,0.39549999999999996,0.0,,,1.0204712017376538,1e-07,0.49449999999999994,1.0,0.6098757689590218,0.36787944117144233,0.20299999999999999,0.0,0.19249999999999998,0.0,0.0,4,61
M01_CFR_S4_Epo62.hdf5,0.40349999999999997,0.307,0.0,,,3.9253534225933686,1e-07,0.69175,1.0,0.5006990785357193,0.36787944117144233,0.0675,0.0,0.2395,0.0,0.0,4,62
M01_CFR_S4_Epo63.hdf5,0.4085,0.33199999999999996,0.0,,,0.5795264784829711,1e-07,0.5725,1.0,0.5641133908979816,0.36787944117144233,0.0405,0.0,0.2915,0.0,0.0,4,63
M01_CFR_S4_Epo64.hdf5,0.38149999999999995,0.2665,0.0,,,3.477470466224868,1e-07,0.99475,1.0,0.3698158869600155,0.36787944117144233,0.23349999999999999,0.0,0.033,0.0,0.0,4,64
M01_CFR_S4_Epo65.hdf5,0.402,0.32599999999999996,0.0,,,0.6916314995335604,1e-07,0.427,1.0,0.6524635522279004,0.36787944117144233,0.032,0.0,0.294,0.0,0.0,4,65
M01_CFR_S4_Epo66.hdf5,0.378,0.266,0.0,,,0.42423321512938206,1e-07,0.64225,1.0,0.5261073497974312,0.36787944117144233,0.047,0.0,0.219,0.0,0.0,4,66
M01_CFR_S4_Epo67.hdf5,0.4115,0.33599999999999997,0.0,,,4.534625273502105,1e-07,0.5862499999999999,1.0,0.5564099145425704,0.36787944117144233,0.1195,0.0,0.2165,0.0,0.0,4,67
M01_CFR_S4_Epo68.hdf5,0.34299999999999997,0.2535,0.0,,,4.17019782000863,1e-07,0.61375,1.0,0.5413171189801975,0.36787944117144233,0.0355,0.0,0.218,0.0,0.0,4,68
M01_CFR_S4_Epo69.hdf5,0.3545,0.255,0.0,,,0.9638146753170591,1e-07,0.4775,1.0,0.6203322855961784,0.36787944117144233,0.1965,0.0,0.0585,0.0,0.0021231422505307855,4,69
M01_CFR_S4_Epo70.hdf5,0.386,0.268,0.0,,,0.41455873498531254,1e-07,0.73775,1.0,0.47818863043183607,0.36787944117144233,0.0685,0.0,0.1995,0.0,0.0,4,70
M01_CFR_S4_Epo71.hdf5,0.42499999999999993,0.35150000000000003,0.0,,,0.4824483857577574,1e-07,0.6147499999999999,1.0,0.5407760724295799,0.36787944117144233,0.032,0.0,0.3195,0.0,0.0,4,71
M01_CFR_S4_Epo72.hdf5,0.355,0.2375,0.0,,,0.7695939241272619,1e-07,0.45475,1.0,0.6346065997683665,0.36787944117144233,0.192,0.0,0.0455,0.0,0.0,4,72
M01_CFR_S4_Epo73.hdf5,0.385,0.272,0.0,,,0.6012997426046548,1e-07,0.509,1.0,0.6010963747389753,0.36787944117144233,0.1835,0.0,0.0885,0.0,0.0021231422505307855,4,73
M01_CFR_S4_Epo74.hdf5,0.353,0.28750000000000003,0.0,,,4.075997438797219,1e-07,0.58125,1.0,0.5591989308455925,0.36787944117144233,0.2555,0.0,0.032,0.0,0.0021231422505307855,4,74
M01_CFR_S4_Epo75.hdf5,0.398,0.319,0.0,,,0.8380638829805734,1e-07,0.499,1.0,0.6071374937387897,0.36787944117144233,0.0435,0.0,0.27549999999999997,0.0,0.0,4,75
M01_CFR_S4_Epo76.hdf5,0.3355,0.2535,0.0,,,0.4724042724079072,1e-07,0.67925,1.0,0.5069970976315211,0.36787944117144233,0.1835,0.0,0.07,0.0,0.0,4,76
M01_CFR_S4_Epo77.hdf5,0.36350000000000005,0.2635,0.0,,,0.6543241245294661,1e-07,0.43374999999999997,1.0,0.6480742537981673,0.36787944117144233,0.18,0.0,0.0835,0.0,0.0,4,77
M01_CFR_S4_Epo78.hdf5,0.32599999999999996,0.22599999999999998,0.0,,,0.4172125435518633,1e-07,0.69075,1.0,0.5012000280472649,0.36787944117144233,0.1865,0.0,0.0395,0.0,0.0021231422505307855,4,78
M01_CFR_S4_Epo79.hdf5,0.381,0.2905,0.0,,,0.9508270163154543,1e-07,0.4535,1.0,0.6354003540111253,0.36787944117144233,0.19499999999999998,0.0,0.0955,0.0,0.0,4,79
M01_CFR_S4_Epo80.hdf5,0.388,0.29200000000000004,0.0,,,0.8170199063738146,1e-07,0.4432499999999999,1.0,0.6419467003502015,0.36787944117144233,0.1825,0.0,0.10950000000000001,0.0,0.0021231422505307855,4,80
M01_CFR_S4_Epo81.hdf5,0.3665,0.2565,0.0,,,0.5314244629037296,1e-07,0.5005,1.0,0.6062274701864752,0.36787944117144233,0.029,0.0,0.22749999999999998,0.0,0.0021231422505307855,4,81
M01_CFR_S4_Epo82.hdf5,0.34850000000000003,0.23299999999999998,0.0,,,0.49219793169843223,1e-07,0.7395,1.0,0.47735253212797546,0.36787944117144233,0.0445,0.0,0.1885,0.0,0.0021231422505307855,4,82
M01_CFR_S4_Epo83.hdf5,0.3105,0.2045,0.0,,,0.6892093280142372,1e-07,0.52225,1.0,0.5931843804893729,0.36787944117144233,0.1805,0.0,0.024,0.0,0.0021231422505307855,4,83
M01_CFR_S4_Epo84.hdf5,0.34750000000000003,0.255,0.0,,,0.9482084974251089,1e-07,0.46525,1.0,0.6279780910409298,0.36787944117144233,0.0345,0.0,0.2205,0.0,0.0,4,84
M01_CFR_S4_Epo85.hdf5,0.3425,0.26949999999999996,0.0,,,0.6577105878816734,1e-07,0.4895,1.0,0.6129327839725722,0.36787944117144233,0.1855,0.0,0.084,0.0,0.0021231422505307855,4,85
M01_CFR_S4_Epo86.hdf5,0.381,0.305,0.0,,,0.9480068472055366,1e-07,0.40525,1.0,0.6668100874970483,0.36787944117144233,0.047,0.0,0.258,0.0,0.0021231422505307855,4,86
M01_CFR_S4_Epo87.hdf5,0.39249999999999996,0.2935,0.0,,,0.4847275079430159,1e-07,0.68075,1.0,0.5062371720717297,0.36787944117144233,0.06849999999999999,0.0,0.22499999999999998,0.0,0.0021231422505307855,4,87
M01_CFR_S4_Epo88.hdf5,0.37349999999999994,0.3095,0.0,,,0.7135829366477888,1e-07,0.489,1.0,0.6132393269939275,0.36787944117144233,0.19699999999999998,0.0,0.1125,0.0,0.0021231422505307855,4,88
M01_CFR_S4_Epo89.hdf5,0.33599999999999997,0.218,0.0,,,0.7007793888999388,1e-07,0.573,1.0,0.5638314047049557,0.36787944117144233,0.1875,0.0,0.0305,0.0,0.0021231422505307855,4,89
M01_CFR_S4_Epo90.hdf5,0.376,0.2825,0.0,,,0.2837095437639839,1e-07,0.7522500000000001,1.0,0.4713049227789298,0.36787944117144233,0.0435,0.0,0.239,0.0,0.0021231422505307855,4,90
M01_CFR_S4_Epo91.hdf5,0.388,0.2925,0.0,,,0.5179964176572339,1e-07,0.5495,1.0,0.5772383574164245,0.36787944117144233,0.0435,0.0,0.249,0.0,0.0021231422505307855,4,91
M01_CFR_S4_Epo92.hdf5,0.37849999999999995,0.27049999999999996,0.0,,,0.5564102507276768,1e-07,0.6167499999999999,1.0,0.5396956011161912,0.36787944117144233,0.066,0.0,0.2045,0.0,0.0021231422505307855,4,92
M01_CFR_S4_Epo93.hdf5,0.359,0.2445,0.0,,,0.18591099085164234,1e-07,0.78,1.0,0.4584060113052235,0.36787944117144233,0.198,0.0,0.0465,0.0,0.0021231422505307855,4,93
M01_CFR_S4_Epo94.hdf5,0.35750000000000004,0.2655,0.0,,,0.6639351863523062,1e-07,0.46499999999999997,1.0,0.6281351051896409,0.36787944117144233,0.1985,0.0,0.067,0.0,0.0021231422505307855,4,94
M01_CFR_S4_Epo95.hdf5,0.3375,0.26549999999999996,0.0,,,0.7445974604064224,1e-07,0.481,1.0,0.6181649177029258,0.36787944117144233,0.1915,0.0,0.074,0.0,0.0021231422505307855,4,95
M01_CFR_S4_Epo96.hdf5,0.40349999999999997,0.315,0.0,,,0.7660475567296167,1e-07,0.38325,1.0,0.6816424673660467,0.36787944117144233,0.20350000000000001,0.0,0.11149999999999999,0.0,0.0021231422505307855,4,96
M01_CFR_S4_Epo97.hdf5,0.369,0.2565,0.0,,,0.688437510339941,1e-07,0.47824999999999995,1.0,0.6198672108068276,0.36787944117144233,0.1835,0.0,0.073,0.0,0.0021231422505307855,4,97
M01_CFR_S4_Epo98.hdf5,0.4125,0.32999999999999996,0.0,,,0.18059187359837361,1e-07,0.8165,1.0,0.4419758660906611,0.36787944117144233,0.245,0.0,0.08499999999999999,0.0,0.0021231422505307855,4,98
M01_CFR_S4_Epo99.hdf5,0.361,0.2885,0.0,,,0.7572107195650974,1e-07,0.428,1.0,0.651811414798732,0.36787944117144233,0.047,0.0,0.2415,0.0,0.0021231422505307855,4,99
M01_CFR_S4_Epo100.hdf5,0.3365,0.269,0.0,,,0.7034133178300794,1e-07,0.47774999999999995,1.0,0.6201772219085478,0.36787944117144233,0.1925,0.0,0.0765,0.0,0.0021231422505307855,4,100
M01_CFR_S5_Epo01.hdf5,0.039,0.0,0.0,0.061829500519376454,0.043647267476393796,0.19171843272835287,0.15571379330007812,0.296,0.465,0.7437874280201796,0.6281351051896408,0.0,0.0,0.0,0.0,0.7611940298507462,5,1
M01_CFR_S5_Epo02.hdf5,0.1125,0.0,0.0,0.08097940931361408,0.06642018553878179,0.12712339675597165,0.052488066993264,0.519,0.836,0.5951153658775501,0.4334408238165043,0.0,0.0,0.0,0.0,0.6109215017064846,5,2
M01_CFR_S5_Epo03.hdf5,0.1635,0.0025,0.0,0.0960823001329354,0.051229071460779846,0.13772371594430388,0.020995499146865312,0.645,0.926,0.5246625421065929,0.39613508585555535,0.002,0.0,0.0005,0.0,0.38823529411764707,5,3
M01_CFR_S5_Epo04.hdf5,0.2745,0.0145,0.0,0.12039257136791415,0.08462202117873088,0.2065369476179482,0.003021254287296556,0.443,0.992,0.6421072070877952,0.37083428029819565,0.0145,0.0,0.0,0.0,0.25866666666666666,5,4
M01_CFR_S5_Epo05.hdf5,0.28300000000000003,0.0895,0.0,0.13980882117341684,0.07344134709500857,0.27302267739985636,0.11430447847834044,0.31875,0.512,0.7270572909104188,0.5992957878455384,0.0895,0.0,0.0,0.0,0.17121588089330025,5,5
M01_CFR_S5_Epo06.hdf5,0.3075,0.127,0.0,0.19516306532105435,0.12400710444089295,0.4378663744489929,0.09108766369011517,0.29975,0.629,0.741003448389387,0.5331246591925921,0.1195,0.0,0.0075,0.0,0.05829596412556054,5,6
M01_CFR_S5_Epo07.hdf5,0.28800000000000003,0.14300000000000002,0.0,0.13222829418006002,0.07145563799599654,0.17889589368020853,0.0650199105779576,0.45274999999999993,0.829,0.6358770830276682,0.4364855537051934,0.14300000000000002,0.0,0.0,0.0,0.1949367088607595,5,7
M01_CFR_S5_Epo08.hdf5,0.41000000000000003,0.28450000000000003,0.0,0.243198615776167,0.09440062748377412,0.3157893374937606,0.016320715933415202,0.43850000000000006,0.92,0.6450032006181461,0.39851904108451414,0.0755,0.0,0.20900000000000002,0.0,0.04656319290465632,5,8
M01_CFR_S5_Epo09.hdf5,0.4395,0.28700000000000003,0.05,0.2992376923819069,0.12979835885193683,0.32476945184369593,0.09262030688246313,0.43574999999999997,0.569,0.6467794005754115,0.5660912469952338,0.0825,0.0,0.20450000000000002,0.0,0.02386117136659436,5,9
M01_CFR_S5_Epo10.hdf5,0.4165,0.2525,0.014,0.3988371429096196,0.1258801549626633,0.34456103760591217,0.10202969843818425,0.5032500000000001,0.601,0.6045626348412549,0.5482630987723047,0.166,0.002,0.08650000000000001,0.0,0.008547008547008548,5,10
M01_CFR_S5_Epo11.hdf5,0.305,0.2055,0.0,,,4.088657619109029,1e-07,0.701,1.0,0.4960889666975265,0.36787944117144233,0.125,0.0,0.0805,0.0,0.0,5,11
M01_CFR_S5_Epo12.hdf5,0.27,0.158,0.0,,,4.098116647738162,1e-07,0.73,1.0,0.48190899009020244,0.36787944117144233,0.097,0.0,0.061,0.0,0.0,5,12
M01_CFR_S5_Epo13.hdf5,0.227,0.113,0.0,,,3.593305158128266,1e-07,0.68475,1.0,0.5042162678863518,0.36787944117144233,0.08700000000000001,0.0,0.026,0.0,0.0,5,13
M01_CFR_S5_Epo14.hdf5,0.2495,0.165,0.0,,,3.2655707249993497,1e-07,0.53225,1.0,0.5872820972861069,0.36787944117144233,0.1265,0.0,0.0385,0.0,0.0,5,14
M01_CFR_S5_Epo15.hdf5,0.22849999999999998,0.1815,0.0,,,2.3505001655611912,1e-07,0.70425,1.0,0.4944792946896188,0.36787944117144233,0.1025,0.0,0.079,0.0,0.0,5,15
M01_CFR_S5_Epo16.hdf5,0.22199999999999998,0.1735,0.0,,,2.391178056175548,1e-07,0.692,1.0,0.5005739194116278,0.36787944117144233,0.0615,0.0,0.112,0.0,0.0,5,16
M01_CFR_S5_Epo17.hdf5,0.20400000000000001,0.155,0.0,,,2.6874316233465816,1e-07,0.5525,1.0,0.575509237321158,0.36787944117144233,0.022,0.0,0.133,0.0,0.0,5,17
M01_CFR_S5_Epo18.hdf5,0.205,0.1755,0.0,,,0.47090840170660875,1e-07,0.5865,1.0,0.5562708294502956,0.36787944117144233,0.0175,0.0,0.158,0.0,0.0,5,18
M01_CFR_S5_Epo19.hdf5,0.242,0.202,0.0,,,0.3958539326835755,1e-07,0.593,1.0,0.5526667948604818,0.36787944117144233,0.021,0.0,0.181,0.0,0.0,5,19
M01_CFR_S5_Epo20.hdf5,0.2625,0.2005,0.0,,,0.07046414268273381,1e-07,0.79525,1.0,0.45146835372459926,0.36787944117144233,0.0175,0.0,0.183,0.0,0.0,5,20
M01_CFR_S5_Epo21.hdf5,0.305,0.2465,0.0,,,0.2410576872059544,1e-07,0.63325,1.0,0.5308636873594017,0.36787944117144233,0.0185,0.0,0.228,0.0,0.0,5,21
M01_CFR_S5_Epo22.hdf5,0.345,0.328,0.0,,,3.7881682777282863,1e-07,0.5185,1.0,0.5954129979623094,0.36787944117144233,0.0205,0.0,0.3075,0.0,0.0,5,22
M01_CFR_S5_Epo23.hdf5,0.312,0.263,0.0,,,0.36010435552623077,1e-07,0.52375,1.0,0.5922952709175258,0.36787944117144233,0.0205,0.0,0.2425,0.0,0.0,5,23
M01_CFR_S5_Epo24.hdf5,0.34,0.2995,0.0,,,0.17535809605249777,0.0,0.64425,1.0,0.5250561866114101,0.36787944117144233,0.0245,0.0,0.275,0.0,0.0,5,24
M01_CFR_S5_Epo25.hdf5,0.387,0.32899999999999996,0.0,,,3.7266660467480093,1e-07,0.56875,1.0,0.5662327874988083,0.36787944117144233,0.0315,0.0,0.2975,0.0,0.0,5,25
M01_CFR_S5_Epo26.hdf5,0.3375,0.285,0.0,,,3.968587106436637,1e-07,0.5767500000000001,1.0,0.5617209964259693,0.36787944117144233,0.030000000000000002,0.0,0.255,0.0,0.0,5,26
M01_CFR_S5_Epo27.hdf5,0.307,0.22349999999999998,0.0,,,0.37673999239634176,1e-07,0.5365,1.0,0.5847914447582125,0.36787944117144233,0.0245,0.0,0.19899999999999998,0.0,0.0,5,27
M01_CFR_S5_Epo28.hdf5,0.3325,0.22149999999999997,0.0,,,3.4531008169968525,1e-07,0.6467499999999999,1.0,0.5237451855789851,0.36787944117144233,0.032,0.0,0.1895,0.0,0.0,5,28
M01_CFR_S5_Epo29.hdf5,0.2955,0.21,0.0,,,3.669457116710164,1e-07,0.5217499999999999,1.0,0.5934810468400248,0.36787944117144233,0.028499999999999998,0.0,0.1815,0.0,0.0,5,29
M01_CFR_S5_Epo30.hdf5,0.208,0.2065,0.0,,,0.4121081675216186,1e-07,0.555,1.0,0.574072261196436,0.36787944117144233,0.0255,0.0,0.181,0.0,0.0,5,30
M01_CFR_S5_Epo31.hdf5,0.377,0.3115,0.0,,,4.030969661064581,1e-07,0.60125,1.0,0.5481260501294059,0.36787944117144233,0.1,0.0,0.2115,0.0,0.0,5,31
M01_CFR_S5_Epo32.hdf5,0.291,0.2215,0.0,,,3.985704670210158,1e-07,0.5885,1.0,0.5551593995917302,0.36787944117144233,0.0395,0.0,0.182,0.0,0.0,5,32
M01_CFR_S5_Epo33.hdf5,0.31,0.21,0.0,,,4.061279851635316,1e-07,0.54825,1.0,0.5779603565186237,0.36787944117144233,0.0315,0.0,0.1785,0.0,0.0,5,33
M01_CFR_S5_Epo34.hdf5,0.3165,0.22,0.0,,,3.7155886314107214,1e-07,0.50925,1.0,0.6009461194279869,0.36787944117144233,0.0335,0.0,0.1865,0.0,0.0,5,34
M01_CFR_S5_Epo35.hdf5,0.361,0.277,0.0,,,3.5584424489553816,1e-07,0.75725,1.0,0.4689542796699787,0.36787944117144233,0.097,0.0,0.18,0.0,0.0,5,35
M01_CFR_S5_Epo36.hdf5,0.36450000000000005,0.2775,0.0,,,4.279524570340573,1e-07,0.50125,1.0,0.6057729700426938,0.36787944117144233,0.097,0.0,0.1805,0.0,0.0,5,36
M01_CFR_S5_Epo37.hdf5,0.41500000000000004,0.3265,0.0,,,4.114319385243857,1e-07,0.612,1.0,0.5422652533139832,0.36787944117144233,0.13,0.0,0.1965,0.0,0.0,5,37
M01_CFR_S5_Epo38.hdf5,0.4335,0.375,0.0,,,4.006773788059057,1e-07,0.5405,1.0,0.5824569510791952,0.36787944117144233,0.1265,0.0,0.2485,0.0,0.0,5,38
M01_CFR_S5_Epo39.hdf5,0.3925,0.30700000000000005,0.0,,,3.8610427074784,1e-07,0.5097499999999999,1.0,0.6006457214740197,0.36787944117144233,0.0995,0.0,0.2075,0.0,0.0,5,39
M01_CFR_S5_Epo40.hdf5,0.4105,0.33499999999999996,0.0,,,4.466936351187206,1e-07,0.50625,1.0,0.6027516647500953,0.36787944117144233,0.1185,0.0,0.2165,0.0,0.0,5,40
M01_CFR_S5_Epo41.hdf5,0.37649999999999995,0.28850000000000003,0.0,,,4.413813202509508,1e-07,0.55525,1.0,0.5739287610694002,0.36787944117144233,0.10650000000000001,0.0,0.182,0.0,0.0,5,41
M01_CFR_S5_Epo42.hdf5,0.4365,0.37349999999999994,0.0,,,4.429068726244249,1e-07,0.513,1.0,0.5986967916057292,0.36787944117144233,0.123,0.0,0.2505,0.0,0.0,5,42
M01_CFR_S5_Epo43.hdf5,0.41100000000000003,0.3345,0.0,,,4.1795404532480385,1e-07,0.51075,1.0,0.6000453759753238,0.36787944117144233,0.1265,0.0,0.208,0.0,0.0,5,43
M01_CFR_S5_Epo44.hdf5,0.424,0.34600000000000003,0.0,,,4.292060910996577,1e-07,0.53325,1.0,0.5866951087320136,0.36787944117144233,0.1245,0.0,0.2215,0.0,0.0,5,44
M01_CFR_S5_Epo45.hdf5,0.404,0.3255,0.0,,,3.980111467843344,1e-07,0.54325,1.0,0.5808573948615801,0.36787944117144233,0.1385,0.0,0.187,0.0,0.0,5,45
M01_CFR_S5_Epo46.hdf5,0.437,0.3675,0.0,,,3.94494978507132,1e-07,0.523,1.0,0.5927396589954125,0.36787944117144233,0.143,0.0,0.2245,0.0,0.0,5,46
M01_CFR_S5_Epo47.hdf5,0.399,0.311,0.0,,,4.405594384880303,1e-07,0.63275,1.0,0.5311291855721033,0.36787944117144233,0.08199999999999999,0.0,0.22899999999999998,0.0,0.0,5,47
M01_CFR_S5_Epo48.hdf5,0.43799999999999994,0.38349999999999995,0.0,,,4.430037110150401,1e-07,0.62925,1.0,0.5329913946865513,0.36787944117144233,0.1315,0.0,0.252,0.0,0.0,5,48
M01_CFR_S5_Epo49.hdf5,0.4055,0.3245,0.0,,,4.11851233273564,1e-07,0.677,1.0,0.5081391254006393,0.36787944117144233,0.0885,0.0,0.236,0.0,0.0,5,49
M01_CFR_S5_Epo50.hdf5,0.4555,0.41200000000000003,0.0,,,0.45246765947288853,1e-07,0.5515,1.0,0.57608503440904,0.36787944117144233,0.0445,0.0,0.3675,0.0,0.0,5,50
M01_CFR_S5_Epo51.hdf5,0.47750000000000004,0.4365,0.0,,,4.37689351399838,1e-07,0.5505,1.0,0.5766614075820045,0.36787944117144233,0.164,0.0,0.27249999999999996,0.0,0.0,5,51
M01_CFR_S5_Epo52.hdf5,0.4105,0.33399999999999996,0.0,,,3.903313399857704,1e-07,0.7015,1.0,0.49584098421496464,0.36787944117144233,0.10550000000000001,0.0,0.22849999999999998,0.0,0.0,5,52
M01_CFR_S5_Epo53.hdf5,0.4295,0.37449999999999994,0.0,,,0.5044301324712341,1e-07,0.511,1.0,0.5998953833811855,0.36787944117144233,0.13499999999999998,0.0,0.2395,0.0,0.0,5,53
M01_CFR_S5_Epo54.hdf5,0.4355,0.3705,0.0,,,4.1999891076874825,1e-07,0.6122500000000001,1.0,0.5421297039450318,0.36787944117144233,0.0995,0.0,0.271,0.0,0.0,5,54
M01_CFR_S5_Epo55.hdf5,0.412,0.341,0.0,,,3.997906767427324,1e-07,0.633,1.0,0.5309964198721143,0.36787944117144233,0.089,0.0,0.252,0.0,0.0,5,55
M01_CFR_S5_Epo56.hdf5,0.413,0.34,0.0,,,0.7885736602441161,1e-07,0.30325,1.0,0.7384144696756884,0.36787944117144233,0.0445,0.0,0.2955,0.0,0.0,5,56
M01_CFR_S5_Epo57.hdf5,0.42200000000000004,0.3505,0.0,,,0.4633322947668039,1e-07,0.58975,1.0,0.554465883879862,0.36787944117144233,0.037,0.0,0.3135,0.0,0.0,5,57
M01_CFR_S5_Epo58.hdf5,0.40700000000000003,0.32199999999999995,0.0,,,0.8410392578165881,1e-07,0.4815,1.0,0.6178559125018123,0.36787944117144233,0.20249999999999999,0.0,0.11950000000000001,0.0,0.0,5,58
M01_CFR_S5_Epo59.hdf5,0.3535,0.2635,0.0,,,0.6096346723370518,1e-07,0.50225,1.0,0.6051674998581993,0.36787944117144233,0.032,0.0,0.23149999999999998,0.0,0.0,5,59
M01_CFR_S5_Epo60.hdf5,0.3805,0.292,0.0,,,0.3824625826835244,1e-07,0.6835,1.0,0.5048469323043532,0.36787944117144233,0.037,0.0,0.255,0.0,0.0,5,60
M01_CFR_S5_Epo61.hdf5,0.4525,0.39649999999999996,0.0,,,1.03294201221662,1e-07,0.43424999999999997,1.0,0.6477502976670501,0.36787944117144233,0.046,0.0,0.3505,0.0,0.0,5,61
M01_CFR_S5_Epo62.hdf5,0.40349999999999997,0.319,0.0,,,4.146573067947119,1e-07,0.6805,1.0,0.5063637471859777,0.36787944117144233,0.10450000000000001,0.0,0.2145,0.0,0.0,5,62
M01_CFR_S5_Epo63.hdf5,0.40900000000000003,0.33199999999999996,0.0,,,0.5793077503106129,1e-07,0.5735,1.0,0.5635495594697838,0.36787944117144233,0.04,0.0,0.292,0.0,0.0,5,63
M01_CFR_S5_Epo64.hdf5,0.395,0.28049999999999997,0.0,,,0.3206199195776665,1e-07,0.75825,1.0,0.46848555978930906,0.36787944117144233,0.067,0.0,0.2135,0.0,0.0,5,64
M01_CFR_S5_Epo65.hdf5,0.4165,0.349,0.0,,,0.7934315764394243,1e-07,0.37525,1.0,0.6871174779472747,0.36787944117144233,0.0375,0.0,0.3115,0.0,0.0,5,65
M01_CFR_S5_Epo66.hdf5,0.38349999999999995,0.279,0.0,,,0.7014118992981015,1e-07,0.449,1.0,0.6382660986937688,0.36787944117144233,0.046,0.0,0.23299999999999998,0.0,0.0,5,66
M01_CFR_S5_Epo67.hdf5,0.41100000000000003,0.3375,0.0,,,4.533776084011599,1e-07,0.59025,1.0,0.5541887202346075,0.36787944117144233,0.11699999999999999,0.0,0.2205,0.0,0.0,5,67
M01_CFR_S5_Epo68.hdf5,0.388,0.309,0.0,,,0.4727814621202283,1e-07,0.57675,1.0,0.5617209964259693,0.36787944117144233,0.041999999999999996,0.0,0.267,0.0,0.0,5,68
M01_CFR_S5_Epo69.hdf5,0.362,0.273,0.0,,,0.8402571704991315,1e-07,0.53075,1.0,0.5881636814548656,0.36787944117144233,0.202,0.0,0.07100000000000001,0.0,0.0021231422505307855,5,69
M01_CFR_S5_Epo70.hdf5,0.4,0.313,0.0,,,0.6181306410969126,1e-07,0.54725,1.0,0.5785386059516713,0.36787944117144233,0.0435,0.0,0.26949999999999996,0.0,0.0,5,70
M01_CFR_S5_Epo71.hdf5,0.424,0.34950000000000003,0.0,,,0.5383083968716694,1e-07,0.55075,1.0,0.5765172602492763,0.36787944117144233,0.1945,0.0,0.155,0.0,0.0,5,71
M01_CFR_S5_Epo72.hdf5,0.39749999999999996,0.3045,0.0,,,0.7753895313050984,1e-07,0.4845,1.0,0.6160051223376455,0.36787944117144233,0.1965,0.0,0.108,0.0,0.0,5,72
M01_CFR_S5_Epo73.hdf5,0.38949999999999996,0.2845,0.0,,,0.5258815542399021,1e-07,0.5655,1.0,0.5680760377173407,0.36787944117144233,0.189,0.0,0.0955,0.0,0.0021231422505307855,5,73
M01_CFR_S5_Epo74.hdf5,0.371,0.3025,0.0,,,0.45117205384876563,1e-07,0.49424999999999997,1.0,0.6100282569614677,0.36787944117144233,0.264,0.0,0.0385,0.0,0.0021231422505307855,5,74
M01_CFR_S5_Epo75.hdf5,0.401,0.3245,0.0,,,0.8096987247477504,1e-07,0.47425,1.0,0.6223516452062755,0.36787944117144233,0.0475,0.0,0.277,0.0,0.0,5,75
M01_CFR_S5_Epo76.hdf5,0.369,0.2805,0.0,,,0.5439526367180335,1e-07,0.6605,1.0,0.5165929734201038,0.36787944117144233,0.189,0.0,0.0915,0.0,0.0,5,76
M01_CFR_S5_Epo77.hdf5,0.395,0.3085,0.0,,,0.7851738450255943,1e-07,0.42324999999999996,1.0,0.6549148839230299,0.36787944117144233,0.1835,0.0,0.125,0.0,0.0,5,77
M01_CFR_S5_Epo78.hdf5,0.344,0.2425,0.0,,,0.503501801377725,0.0,0.73,1.0,0.48190899009020244,0.36787944117144233,0.211,0.0,0.0315,0.0,0.0021231422505307855,5,78
M01_CFR_S5_Epo79.hdf5,0.389,0.30200000000000005,0.0,,,0.7253471671367744,1e-07,0.4945,1.0,0.6098757689590218,0.36787944117144233,0.20199999999999999,0.0,0.1,0.0,0.0,5,79
M01_CFR_S5_Epo80.hdf5,0.41300000000000003,0.3325,0.0,,,0.8284954951490504,1e-07,0.437,1.0,0.6459714314106245,0.36787944117144233,0.1895,0.0,0.143,0.0,0.0021231422505307855,5,80
M01_CFR_S5_Epo81.hdf5,0.3715,0.27049999999999996,0.0,,,0.41360134053034053,1e-07,0.6000000000000001,1.0,0.5488116360940264,0.36787944117144233,0.04,0.0,0.23049999999999998,0.0,0.0021231422505307855,5,81
M01_CFR_S5_Epo82.hdf5,0.358,0.2625,0.0,,,1.012721790179763,1e-07,0.44625000000000004,1.0,0.6400237461227075,0.36787944117144233,0.0415,0.0,0.221,0.0,0.0021231422505307855,5,82
M01_CFR_S5_Epo83.hdf5,0.3585,0.2425,0.0,,,0.6590201490050462,1e-07,0.5762499999999999,1.0,0.5620019271510108,0.36787944117144233,0.1935,0.0,0.049,0.0,0.0021231422505307855,5,83
M01_CFR_S5_Epo84.hdf5,0.3615,0.26949999999999996,0.0,,,0.9569415549567007,1e-07,0.4235,1.0,0.6547511756664338,0.36787944117144233,0.0355,0.0,0.23399999999999999,0.0,0.0,5,84
M01_CFR_S5_Epo85.hdf5,0.3405,0.2685,0.0,,,0.5536429857188176,1e-07,0.5875,1.0,0.5557148366635714,0.36787944117144233,0.1845,0.0,0.084,0.0,0.0021231422505307855,5,85
M01_CFR_S5_Epo86.hdf5,0.39849999999999997,0.3255,0.0,,,0.2497116914793002,1e-07,0.62525,1.0,0.5351276298873864,0.36787944117144233,0.086,0.0,0.2395,0.0,0.0021231422505307855,5,86
M01_CFR_S5_Epo87.hdf5,0.4145,0.346,0.0,,,0.3702118279598689,1e-07,0.7144999999999999,1.0,0.4894367690114365,0.36787944117144233,0.08149999999999999,0.0,0.26449999999999996,0.0,0.0021231422505307855,5,87
M01_CFR_S5_Epo88.hdf5,0.4075,0.325,0.0,,,0.8081876405978042,1e-07,0.49774999999999997,1.0,0.6078968901298278,0.36787944117144233,0.0515,0.0,0.27349999999999997,0.0,0.0021231422505307855,5,88
M01_CFR_S5_Epo89.hdf5,0.373,0.2445,0.0,,,0.14961967884852992,1e-07,0.83575,1.0,0.433549197568613,0.36787944117144233,0.1945,0.0,0.05,0.0,0.0021231422505307855,5,89
M01_CFR_S5_Epo90.hdf5,0.37649999999999995,0.276,0.0,,,0.2724398066739151,1e-07,0.7575,1.0,0.4688370557536613,0.36787944117144233,0.0465,0.0,0.22949999999999998,0.0,0.0021231422505307855,5,90
M01_CFR_S5_Epo91.hdf5,0.393,0.299,0.0,,,0.5759825932402317,1e-07,0.50425,1.0,0.6039583743869958,0.36787944117144233,0.054000000000000006,0.0,0.245,0.0,0.0021231422505307855,5,91
M01_CFR_S5_Epo92.hdf5,0.39049999999999996,0.2965,0.0,,,0.5833574793441463,1e-07,0.566,1.0,0.5677920706961533,0.36787944117144233,0.044,0.0,0.2525,0.0,0.0021231422505307855,5,92
M01_CFR_S5_Epo93.hdf5,0.38749999999999996,0.288,0.0,,,0.18027369004382857,1e-07,0.78325,1.0,0.4569186101046552,0.36787944117144233,0.22749999999999998,0.0,0.0605,0.0,0.0021231422505307855,5,93
M01_CFR_S5_Epo94.hdf5,0.355,0.264,0.0,,,0.6440098821432598,1e-07,0.5277499999999999,1.0,0.5899308218845196,0.36787944117144233,0.0415,0.0,0.2225,0.0,0.0021231422505307855,5,94
M01_CFR_S5_Epo95.hdf5,0.37449999999999994,0.271,0.0,,,0.47775130154832884,1e-07,0.569,1.0,0.5660912469952338,0.36787944117144233,0.191,0.0,0.08,0.0,0.0021231422505307855,5,95
M01_CFR_S5_Epo96.hdf5,0.42600000000000005,0.34450000000000003,0.0,,,0.7318725709410768,1e-07,0.4525,1.0,0.63603607217124,0.36787944117144233,0.2085,0.0,0.136,0.0,0.0021231422505307855,5,96
M01_CFR_S5_Epo97.hdf5,0.402,0.32,0.0,,,0.5399089563277636,1e-07,0.63475,1.0,0.530067988751512,0.36787944117144233,0.0445,0.0,0.27549999999999997,0.0,0.0021231422505307855,5,97
M01_CFR_S5_Epo98.hdf5,0.421,0.366,0.0,,,0.07614958750399864,1e-07,0.87475,1.0,0.4169662482114518,0.36787944117144233,0.269,0.0,0.097,0.0,0.0021231422505307855,5,98
M01_CFR_S5_Epo99.hdf5,0.4135,0.3345,0.0,,,0.8219873292732984,1e-07,0.44999999999999996,1.0,0.6376281516217733,0.36787944117144233,0.055,0.0,0.27949999999999997,0.0,0.0021231422505307855,5,99
M01_CFR_S5_Epo100.hdf5,0.369,0.2825,0.0,,,0.6926811154379623,1e-07,0.50225,1.0,0.6051674998581993,0.36787944117144233,0.0465,0.0,0.236,0.0,0.0021231422505307855,5,100
